x-axis,1,2
second,Volt,Volt
-250.0000E-06,-3.6804015E-03,+20.1005023E-03
-249.7500E-06,-19.7608033E-03,+20.6030149E-03
-249.5000E-06,-27.8010042E-03,+22.1105525E-03
-249.2500E-06,-45.8914563E-03,+20.1005023E-03
-249.0000E-06,-59.9618079E-03,+20.1005023E-03
-248.7500E-06,-76.0422098E-03,+18.5929646E-03
-248.5000E-06,-100.1628125E-03,+18.0904521E-03
-248.2500E-06,-108.2030134E-03,+18.0904521E-03
-248.0000E-06,-116.2432143E-03,+18.0904521E-03
-247.7500E-06,-146.3939678E-03,+18.0904521E-03
-247.5000E-06,-152.4241185E-03,+18.0904521E-03
-247.2500E-06,-166.4944701E-03,+18.0904521E-03
-247.0000E-06,-180.5648217E-03,+16.0804018E-03
-246.7500E-06,-196.6452235E-03,+15.5778893E-03
-246.5000E-06,-216.7457258E-03,+14.0703516E-03
-246.2500E-06,-228.8060272E-03,+12.0603014E-03
-246.0000E-06,-244.8864290E-03,+12.0603014E-03
-245.7500E-06,-260.9668309E-03,+12.0603014E-03
-245.5000E-06,-269.0070318E-03,+10.0502511E-03
-245.2500E-06,-293.1276346E-03,+10.0502511E-03
-245.0000E-06,-301.1678355E-03,+12.0603014E-03
-244.7500E-06,-317.2482373E-03,+8.0402009E-03
-244.5000E-06,-333.3286392E-03,+6.0301507E-03
-244.2500E-06,-355.4391917E-03,+7.0351758E-03
-244.0000E-06,-365.4894428E-03,+2.0100502E-03
-243.7500E-06,-381.5698447E-03,+5.0251256E-03
-243.5000E-06,-389.6100456E-03,+1.0050251E-03
-243.2500E-06,-411.7205981E-03,+1.5075377E-03
-243.0000E-06,-429.8110502E-03,+0.0E+00
-242.7500E-06,-437.8512511E-03,+502.5126E-06
-242.5000E-06,-453.9316529E-03,-2.0100502E-03
-242.2500E-06,-468.0020045E-03,-6.0301507E-03
-242.0000E-06,-478.0522557E-03,-4.0201005E-03
-241.7500E-06,-500.1628082E-03,-7.5376884E-03
-241.5000E-06,-506.1929589E-03,-9.0452260E-03
-241.2500E-06,-492.1226073E-03,-10.0502511E-03
-241.0000E-06,-478.0522557E-03,-8.0402009E-03
-240.7500E-06,-459.9618036E-03,-10.0502511E-03
-240.5000E-06,-437.8512511E-03,-12.0603014E-03
-240.2500E-06,-429.8110502E-03,-14.0703516E-03
-240.0000E-06,-405.6904474E-03,-10.0502511E-03
-239.7500E-06,-391.6200958E-03,-14.0703516E-03
-239.5000E-06,-377.5497442E-03,-16.0804018E-03
-239.2500E-06,-371.5195935E-03,-16.5829144E-03
-239.0000E-06,-349.4090410E-03,-16.0804018E-03
-238.7500E-06,-339.3587898E-03,-19.0954772E-03
-238.5000E-06,-321.2683378E-03,-20.1005023E-03
-238.2500E-06,-301.1678355E-03,-20.1005023E-03
-238.0000E-06,-285.0874336E-03,-18.0904521E-03
-237.7500E-06,-271.0170820E-03,-20.1005023E-03
-237.5000E-06,-256.9467304E-03,-22.1105525E-03
-237.2500E-06,-236.8462281E-03,-23.6180902E-03
-237.0000E-06,-220.7658263E-03,-22.1105525E-03
-236.7500E-06,-216.7457258E-03,-21.6080400E-03
-236.5000E-06,-192.6251231E-03,-22.1105525E-03
-236.2500E-06,-180.5648217E-03,-22.1105525E-03
-236.0000E-06,-164.4844199E-03,-24.1206028E-03
-235.7500E-06,-150.4140683E-03,-24.1206028E-03
-235.5000E-06,-132.3236162E-03,-25.1256279E-03
-235.2500E-06,-124.2834153E-03,-25.6281404E-03
-235.0000E-06,-100.1628125E-03,-24.1206028E-03
-234.7500E-06,-84.0824107E-03,-24.1206028E-03
-234.5000E-06,-76.0422098E-03,-25.1256279E-03
-234.2500E-06,-51.9216070E-03,-24.1206028E-03
-234.0000E-06,-51.9216070E-03,-26.1306530E-03
-233.7500E-06,-19.7608033E-03,-23.6180902E-03
-233.5000E-06,-15.7407029E-03,-22.1105525E-03
-233.2500E-06,+4.3597994E-03,-22.6130651E-03
-233.0000E-06,+4.3597994E-03,-24.1206028E-03
-232.7500E-06,+34.5105529E-03,-23.6180902E-03
-232.5000E-06,+40.5407036E-03,-24.1206028E-03
-232.2500E-06,+66.6713566E-03,-22.1105525E-03
-232.0000E-06,+68.6814068E-03,-20.1005023E-03
-231.7500E-06,+92.8020095E-03,-20.1005023E-03
-231.5000E-06,+108.8824114E-03,-19.0954772E-03
-231.2500E-06,+122.9527630E-03,-20.1005023E-03
-231.0000E-06,+141.0432151E-03,-20.1005023E-03
-230.7500E-06,+155.1135667E-03,-18.5929646E-03
-230.5000E-06,+169.1839183E-03,-19.0954772E-03
-230.2500E-06,+183.2542699E-03,-16.0804018E-03
-230.0000E-06,+197.3246215E-03,-18.0904521E-03
-229.7500E-06,+213.4050233E-03,-16.5829144E-03
-229.5000E-06,+225.4653247E-03,-14.0703516E-03
-229.2500E-06,+245.5658270E-03,-13.5678391E-03
-229.0000E-06,+261.6462288E-03,-12.0603014E-03
-228.7500E-06,+269.6864298E-03,-10.5527637E-03
-228.5000E-06,+289.7869321E-03,-12.0603014E-03
-228.2500E-06,+301.8472334E-03,-10.5527637E-03
-228.0000E-06,+325.9678362E-03,-8.0402009E-03
-227.7500E-06,+325.9678362E-03,-6.5326632E-03
-227.5000E-06,+350.0884390E-03,-7.0351758E-03
-227.2500E-06,+364.1587906E-03,-6.0301507E-03
-227.0000E-06,+374.2090417E-03,-4.0201005E-03
-226.7500E-06,+384.2592929E-03,-4.0201005E-03
-226.5000E-06,+402.3497449E-03,-2.0100502E-03
-226.2500E-06,+414.4100463E-03,+0.0E+00
-226.0000E-06,+430.4904481E-03,+0.0E+00
-225.7500E-06,+446.5708500E-03,+0.0E+00
-225.5000E-06,+458.6311514E-03,+3.0150753E-03
-225.2500E-06,+472.7015030E-03,+4.0201005E-03
-225.0000E-06,+486.7718546E-03,+6.0301507E-03
-224.7500E-06,+488.7819048E-03,+6.5326632E-03
-224.5000E-06,+474.7115532E-03,+7.0351758E-03
-224.2500E-06,+456.6211011E-03,+9.0452260E-03
-224.0000E-06,+446.5708500E-03,+8.0402009E-03
-223.7500E-06,+432.5004984E-03,+10.0502511E-03
-223.5000E-06,+418.4301468E-03,+11.0552763E-03
-223.2500E-06,+408.3798956E-03,+13.5678391E-03
-223.0000E-06,+390.2894435E-03,+12.0603014E-03
-222.7500E-06,+374.2090417E-03,+14.0703516E-03
-222.5000E-06,+350.0884390E-03,+15.0753767E-03
-222.2500E-06,+327.9778864E-03,+16.0804018E-03
-222.0000E-06,+317.9276353E-03,+18.0904521E-03
-221.7500E-06,+311.8974846E-03,+18.0904521E-03
-221.5000E-06,+297.8271330E-03,+18.0904521E-03
-221.2500E-06,+277.7266307E-03,+18.0904521E-03
-221.0000E-06,+261.6462288E-03,+18.0904521E-03
-220.7500E-06,+245.5658270E-03,+19.5979897E-03
-220.5000E-06,+233.5055256E-03,+19.0954772E-03
-220.2500E-06,+213.4050233E-03,+18.5929646E-03
-220.0000E-06,+205.3648224E-03,+22.1105525E-03
-219.7500E-06,+181.2442197E-03,+20.1005023E-03
-219.5000E-06,+169.1839183E-03,+22.1105525E-03
-219.2500E-06,+155.1135667E-03,+20.1005023E-03
-219.0000E-06,+141.0432151E-03,+22.1105525E-03
-218.7500E-06,+122.9527630E-03,+22.1105525E-03
-218.5000E-06,+108.8824114E-03,+22.1105525E-03
-218.2500E-06,+92.8020095E-03,+22.1105525E-03
-218.0000E-06,+76.7216077E-03,+22.1105525E-03
-217.7500E-06,+60.6412059E-03,+20.1005023E-03
-217.5000E-06,+44.5608040E-03,+21.1055274E-03
-217.2500E-06,+36.5206031E-03,+20.6030149E-03
-217.0000E-06,+12.4000004E-03,+20.1005023E-03
-216.7500E-06,+2.3497492E-03,+22.6130651E-03
-216.5000E-06,-15.7407029E-03,+19.0954772E-03
-216.2500E-06,-33.8311549E-03,+20.1005023E-03
-216.0000E-06,-43.8814061E-03,+20.1005023E-03
-215.7500E-06,-53.9316572E-03,+18.0904521E-03
-215.5000E-06,-76.0422098E-03,+20.1005023E-03
-215.2500E-06,-86.0924609E-03,+18.0904521E-03
-215.0000E-06,-100.1628125E-03,+18.0904521E-03
-214.7500E-06,-110.2130637E-03,+18.5929646E-03
-214.5000E-06,-124.2834153E-03,+19.0954772E-03
-214.2500E-06,-154.4341687E-03,+16.0804018E-03
-214.0000E-06,-164.4844199E-03,+16.0804018E-03
-213.7500E-06,-172.5246208E-03,+14.0703516E-03
-213.5000E-06,-192.6251231E-03,+14.0703516E-03
-213.2500E-06,-206.6954747E-03,+14.0703516E-03
-213.0000E-06,-228.8060272E-03,+12.0603014E-03
-212.7500E-06,-236.8462281E-03,+12.5628139E-03
-212.5000E-06,-252.9266300E-03,+12.0603014E-03
-212.2500E-06,-262.9768811E-03,+12.0603014E-03
-212.0000E-06,-277.0472327E-03,+10.0502511E-03
-211.7500E-06,-299.1577853E-03,+8.0402009E-03
-211.5000E-06,-313.2281369E-03,+8.0402009E-03
-211.2500E-06,-331.3185889E-03,+5.0251256E-03
-211.0000E-06,-341.3688401E-03,+8.0402009E-03
-210.7500E-06,-353.4291415E-03,+4.5226130E-03
-210.5000E-06,-369.5095433E-03,+4.0201005E-03
-210.2500E-06,-389.6100456E-03,+2.0100502E-03
-210.0000E-06,-397.6502465E-03,+0.0E+00
-209.7500E-06,-407.7004977E-03,+0.0E+00
-209.5000E-06,-429.8110502E-03,-1.0050251E-03
-209.2500E-06,-453.9316529E-03,-2.5125628E-03
-209.0000E-06,-461.9718539E-03,-4.0201005E-03
-208.7500E-06,-472.0221050E-03,-5.5276381E-03
-208.5000E-06,-494.1326575E-03,-6.0301507E-03
-208.2500E-06,-502.1728585E-03,-6.5326632E-03
-208.0000E-06,-502.1728585E-03,-8.0402009E-03
-207.7500E-06,-478.0522557E-03,-8.5427135E-03
-207.5000E-06,-465.9919543E-03,-10.0502511E-03
-207.2500E-06,-453.9316529E-03,-11.5577888E-03
-207.0000E-06,-429.8110502E-03,-12.0603014E-03
-206.7500E-06,-419.7607990E-03,-12.5628139E-03
-206.5000E-06,-405.6904474E-03,-14.0703516E-03
-206.2500E-06,-387.5999954E-03,-17.0854270E-03
-206.0000E-06,-373.5296438E-03,-16.0804018E-03
-205.7500E-06,-357.4492419E-03,-18.0904521E-03
-205.5000E-06,-341.3688401E-03,-19.0954772E-03
-205.2500E-06,-327.2984885E-03,-20.1005023E-03
-205.0000E-06,-301.1678355E-03,-20.1005023E-03
-204.7500E-06,-293.1276346E-03,-20.1005023E-03
-204.5000E-06,-277.0472327E-03,-21.1055274E-03
-204.2500E-06,-254.9366802E-03,-22.1105525E-03
-204.0000E-06,-244.8864290E-03,-22.1105525E-03
-203.7500E-06,-230.8160774E-03,-22.1105525E-03
-203.5000E-06,-216.7457258E-03,-22.1105525E-03
-203.2500E-06,-204.6854245E-03,-21.6080400E-03
-203.0000E-06,-188.6050226E-03,-24.1206028E-03
-202.7500E-06,-164.4844199E-03,-24.6231153E-03
-202.5000E-06,-156.4442189E-03,-23.1155776E-03
-202.2500E-06,-138.3537669E-03,-23.1155776E-03
-202.0000E-06,-116.2432143E-03,-22.1105525E-03
-201.7500E-06,-114.2331641E-03,-24.1206028E-03
-201.5000E-06,-96.1427120E-03,-23.1155776E-03
-201.2500E-06,-76.0422098E-03,-22.6130651E-03
-201.0000E-06,-59.9618079E-03,-22.1105525E-03
-200.7500E-06,-45.8914563E-03,-24.1206028E-03
-200.5000E-06,-27.8010042E-03,-23.1155776E-03
-200.2500E-06,-13.7306526E-03,-23.6180902E-03
-200.0000E-06,-11.7206024E-03,-24.1206028E-03
-199.7500E-06,+12.4000004E-03,-22.6130651E-03
-199.5000E-06,+24.4603017E-03,-23.1155776E-03
-199.2500E-06,+44.5608040E-03,-21.6080400E-03
-199.0000E-06,+52.6010050E-03,-22.1105525E-03
-198.7500E-06,+70.6914570E-03,-22.1105525E-03
-198.5000E-06,+84.7618086E-03,-23.1155776E-03
-198.2500E-06,+100.8422105E-03,-20.1005023E-03
-198.0000E-06,+116.9226123E-03,-22.1105525E-03
-197.7500E-06,+133.0030141E-03,-20.1005023E-03
-197.5000E-06,+149.0834160E-03,-18.0904521E-03
-197.2500E-06,+171.1939685E-03,-17.0854270E-03
-197.0000E-06,+173.2040187E-03,-16.0804018E-03
-196.7500E-06,+189.2844206E-03,-16.0804018E-03
-196.5000E-06,+205.3648224E-03,-16.0804018E-03
-196.2500E-06,+227.4753749E-03,-14.5728642E-03
-196.0000E-06,+245.5658270E-03,-14.0703516E-03
-195.7500E-06,+253.6060279E-03,-14.0703516E-03
-195.5000E-06,+265.6663293E-03,-12.0603014E-03
-195.2500E-06,+285.7668316E-03,-10.5527637E-03
-195.0000E-06,+301.8472334E-03,-10.0502511E-03
-194.7500E-06,+315.9175850E-03,-10.5527637E-03
-194.5000E-06,+321.9477357E-03,-9.0452260E-03
-194.2500E-06,+346.0683385E-03,-8.0402009E-03
-194.0000E-06,+350.0884390E-03,-8.0402009E-03
-193.7500E-06,+368.1788910E-03,-5.5276381E-03
-193.5000E-06,+386.2693431E-03,-4.0201005E-03
-193.2500E-06,+398.3296445E-03,-2.0100502E-03
-193.0000E-06,+406.3698454E-03,-0.0E+00
-192.7500E-06,+434.5105486E-03,-502.5126E-06
-192.5000E-06,+442.5507495E-03,+1.0050251E-03
-192.2500E-06,+454.6110509E-03,+1.5075377E-03
-192.0000E-06,+462.6512518E-03,+0.0E+00
-191.7500E-06,+480.7417039E-03,+6.0301507E-03
-191.5000E-06,+494.8120555E-03,+7.0351758E-03
-191.2500E-06,+486.7718546E-03,+6.0301507E-03
-191.0000E-06,+462.6512518E-03,+8.0402009E-03
-190.7500E-06,+452.6010007E-03,+9.5477386E-03
-190.5000E-06,+438.5306491E-03,+8.0402009E-03
-190.2500E-06,+414.4100463E-03,+11.0552763E-03
-190.0000E-06,+414.4100463E-03,+10.0502511E-03
-189.7500E-06,+390.2894435E-03,+11.0552763E-03
-189.5000E-06,+374.2090417E-03,+14.0703516E-03
-189.2500E-06,+356.1185896E-03,+14.0703516E-03
-189.0000E-06,+350.0884390E-03,+16.0804018E-03
-188.7500E-06,+321.9477357E-03,+15.5778893E-03
-188.5000E-06,+313.9075348E-03,+16.0804018E-03
-188.2500E-06,+301.8472334E-03,+17.0854270E-03
-188.0000E-06,+277.7266307E-03,+20.1005023E-03
-187.7500E-06,+267.6763795E-03,+18.0904521E-03
-187.5000E-06,+257.6261284E-03,+19.0954772E-03
-187.2500E-06,+231.4954754E-03,+17.5879395E-03
-187.0000E-06,+213.4050233E-03,+18.0904521E-03
-186.7500E-06,+205.3648224E-03,+20.1005023E-03
-186.5000E-06,+185.2643201E-03,+21.1055274E-03
-186.2500E-06,+167.1738680E-03,+22.1105525E-03
-186.0000E-06,+157.1236169E-03,+20.1005023E-03
-185.7500E-06,+141.0432151E-03,+22.1105525E-03
-185.5000E-06,+133.0030141E-03,+22.1105525E-03
-185.2500E-06,+116.9226123E-03,+22.1105525E-03
-185.0000E-06,+84.7618086E-03,+20.1005023E-03
-184.7500E-06,+76.7216077E-03,+23.6180902E-03
-184.5000E-06,+64.6613063E-03,+23.1155776E-03
-184.2500E-06,+52.6010050E-03,+22.6130651E-03
-184.0000E-06,+36.5206031E-03,+22.1105525E-03
-183.7500E-06,+20.4402013E-03,+22.1105525E-03
-183.5000E-06,+339.6990E-06,+23.1155776E-03
-183.2500E-06,-7.7005019E-03,+23.1155776E-03
-183.0000E-06,-19.7608033E-03,+20.1005023E-03
-182.7500E-06,-37.8512554E-03,+20.1005023E-03
-182.5000E-06,-51.9216070E-03,+20.1005023E-03
-182.2500E-06,-68.0020088E-03,+19.5979897E-03
-182.0000E-06,-84.0824107E-03,+18.0904521E-03
-181.7500E-06,-100.1628125E-03,+20.1005023E-03
-181.5000E-06,-112.2231139E-03,+20.1005023E-03
-181.2500E-06,-130.3135660E-03,+18.0904521E-03
-181.0000E-06,-140.3638171E-03,+18.0904521E-03
-180.7500E-06,-164.4844199E-03,+14.5728642E-03
-180.5000E-06,-172.5246208E-03,+15.0753767E-03
-180.2500E-06,-188.6050226E-03,+14.5728642E-03
-180.0000E-06,-204.6854245E-03,+14.0703516E-03
-179.7500E-06,-220.7658263E-03,+12.5628139E-03
-179.5000E-06,-236.8462281E-03,+13.0653265E-03
-179.2500E-06,-252.9266300E-03,+10.0502511E-03
-179.0000E-06,-269.0070318E-03,+12.0603014E-03
-178.7500E-06,-279.0572830E-03,+10.0502511E-03
-178.5000E-06,-293.1276346E-03,+8.0402009E-03
-178.2500E-06,-309.2080364E-03,+9.5477386E-03
-178.0000E-06,-317.2482373E-03,+6.0301507E-03
-177.7500E-06,-341.3688401E-03,+6.5326632E-03
-177.5000E-06,-349.4090410E-03,+7.0351758E-03
-177.2500E-06,-373.5296438E-03,+3.5175879E-03
-177.0000E-06,-381.5698447E-03,+2.0100502E-03
-176.7500E-06,-397.6502465E-03,+2.5125628E-03
-176.5000E-06,-413.7306483E-03,+0.0E+00
-176.2500E-06,-427.8010000E-03,-502.5126E-06
-176.0000E-06,-445.8914520E-03,-2.0100502E-03
-175.7500E-06,-453.9316529E-03,-4.0201005E-03
-175.5000E-06,-470.0120548E-03,-5.0251256E-03
-175.2500E-06,-484.0824064E-03,-4.5226130E-03
-175.0000E-06,-502.1728585E-03,-8.0402009E-03
-174.7500E-06,-502.1728585E-03,-8.0402009E-03
-174.5000E-06,-490.1125571E-03,-9.0452260E-03
-174.2500E-06,-472.0221050E-03,-10.0502511E-03
-174.0000E-06,-453.9316529E-03,-10.0502511E-03
-173.7500E-06,-437.8512511E-03,-12.0603014E-03
-173.5000E-06,-421.7708493E-03,-12.0603014E-03
-173.2500E-06,-407.7004977E-03,-14.0703516E-03
-173.0000E-06,-389.6100456E-03,-14.0703516E-03
-172.7500E-06,-373.5296438E-03,-16.0804018E-03
-172.5000E-06,-365.4894428E-03,-16.0804018E-03
-172.2500E-06,-343.3788903E-03,-18.0904521E-03
-172.0000E-06,-333.3286392E-03,-18.0904521E-03
-171.7500E-06,-305.1879359E-03,-18.5929646E-03
-171.5000E-06,-293.1276346E-03,-18.0904521E-03
-171.2500E-06,-283.0773834E-03,-18.5929646E-03
-171.0000E-06,-269.0070318E-03,-22.1105525E-03
-170.7500E-06,-258.9567807E-03,-22.1105525E-03
-170.5000E-06,-236.8462281E-03,-21.1055274E-03
-170.2500E-06,-220.7658263E-03,-22.1105525E-03
-170.0000E-06,-196.6452235E-03,-22.1105525E-03
-169.7500E-06,-190.6150728E-03,-22.6130651E-03
-169.5000E-06,-172.5246208E-03,-22.1105525E-03
-169.2500E-06,-152.4241185E-03,-23.6180902E-03
-169.0000E-06,-148.4040180E-03,-24.1206028E-03
-168.7500E-06,-132.3236162E-03,-24.6231153E-03
-168.5000E-06,-108.2030134E-03,-23.1155776E-03
-168.2500E-06,-100.1628125E-03,-24.1206028E-03
-168.0000E-06,-84.0824107E-03,-26.1306530E-03
-167.7500E-06,-68.0020088E-03,-25.6281404E-03
-167.5000E-06,-51.9216070E-03,-24.1206028E-03
-167.2500E-06,-33.8311549E-03,-24.1206028E-03
-167.0000E-06,-19.7608033E-03,-22.1105525E-03
-166.7500E-06,-3.6804015E-03,-22.1105525E-03
-166.5000E-06,+8.3798999E-03,-23.1155776E-03
-166.2500E-06,+22.4502515E-03,-24.1206028E-03
-166.0000E-06,+36.5206031E-03,-22.1105525E-03
-165.7500E-06,+52.6010050E-03,-20.6030149E-03
-165.5000E-06,+72.7015072E-03,-21.1055274E-03
-165.2500E-06,+82.7517584E-03,-22.1105525E-03
-165.0000E-06,+92.8020095E-03,-20.1005023E-03
-164.7500E-06,+108.8824114E-03,-20.1005023E-03
-164.5000E-06,+124.9628132E-03,-18.0904521E-03
-164.2500E-06,+141.0432151E-03,-17.0854270E-03
-164.0000E-06,+149.0834160E-03,-20.1005023E-03
-163.7500E-06,+173.2040187E-03,-16.5829144E-03
-163.5000E-06,+185.2643201E-03,-15.0753767E-03
-163.2500E-06,+205.3648224E-03,-16.0804018E-03
-163.0000E-06,+229.4854252E-03,-14.0703516E-03
-162.7500E-06,+229.4854252E-03,-14.0703516E-03
-162.5000E-06,+245.5658270E-03,-14.0703516E-03
-162.2500E-06,+267.6763795E-03,-12.0603014E-03
-162.0000E-06,+277.7266307E-03,-12.0603014E-03
-161.7500E-06,+293.8070325E-03,-12.0603014E-03
-161.5000E-06,+309.8874344E-03,-9.0452260E-03
-161.2500E-06,+323.9577860E-03,-9.5477386E-03
-161.0000E-06,+334.0080371E-03,-10.0502511E-03
-160.7500E-06,+350.0884390E-03,-8.0402009E-03
-160.5000E-06,+362.1487403E-03,-6.0301507E-03
-160.2500E-06,+382.2492426E-03,-6.0301507E-03
-160.0000E-06,+390.2894435E-03,-4.0201005E-03
-159.7500E-06,+404.3597952E-03,-2.0100502E-03
-159.5000E-06,+414.4100463E-03,-2.0100502E-03
-159.2500E-06,+438.5306491E-03,+1.5075377E-03
-159.0000E-06,+454.6110509E-03,+0.0E+00
-158.7500E-06,+462.6512518E-03,+4.0201005E-03
-158.5000E-06,+478.7316537E-03,+4.0201005E-03
-158.2500E-06,+488.7819048E-03,+4.5226130E-03
-158.0000E-06,+494.8120555E-03,+6.0301507E-03
-157.7500E-06,+470.6914527E-03,+7.5376884E-03
-157.5000E-06,+454.6110509E-03,+9.0452260E-03
-157.2500E-06,+440.5406993E-03,+10.0502511E-03
-157.0000E-06,+422.4502472E-03,+10.0502511E-03
-156.7500E-06,+412.3999961E-03,+12.0603014E-03
-156.5000E-06,+398.3296445E-03,+11.0552763E-03
-156.2500E-06,+384.2592929E-03,+10.5527637E-03
-156.0000E-06,+366.1688408E-03,+14.0703516E-03
-155.7500E-06,+344.0582883E-03,+15.5778893E-03
-155.5000E-06,+338.0281376E-03,+15.0753767E-03
-155.2500E-06,+317.9276353E-03,+17.5879395E-03
-155.0000E-06,+309.8874344E-03,+16.0804018E-03
-154.7500E-06,+291.7969823E-03,+18.0904521E-03
-154.5000E-06,+269.6864298E-03,+18.0904521E-03
-154.2500E-06,+261.6462288E-03,+18.0904521E-03
-154.0000E-06,+245.5658270E-03,+18.0904521E-03
-153.7500E-06,+221.4452242E-03,+18.5929646E-03
-153.5000E-06,+209.3849229E-03,+19.0954772E-03
-153.2500E-06,+197.3246215E-03,+21.1055274E-03
-153.0000E-06,+181.2442197E-03,+20.1005023E-03
-152.7500E-06,+163.1537676E-03,+21.1055274E-03
-152.5000E-06,+145.0633155E-03,+23.1155776E-03
-152.2500E-06,+135.0130644E-03,+21.6080400E-03
-152.0000E-06,+116.9226123E-03,+22.1105525E-03
-151.7500E-06,+100.8422105E-03,+21.6080400E-03
-151.5000E-06,+80.7417082E-03,+21.1055274E-03
-151.2500E-06,+68.6814068E-03,+21.6080400E-03
-151.0000E-06,+52.6010050E-03,+22.1105525E-03
-150.7500E-06,+44.5608040E-03,+21.6080400E-03
-150.5000E-06,+28.4804022E-03,+22.1105525E-03
-150.2500E-06,+10.3899501E-03,+22.1105525E-03
-150.0000E-06,-3.6804015E-03,+20.1005023E-03
-149.7500E-06,-19.7608033E-03,+20.6030149E-03
-149.5000E-06,-39.8613056E-03,+20.1005023E-03
-149.2500E-06,-49.9115568E-03,+20.1005023E-03
-149.0000E-06,-59.9618079E-03,+18.0904521E-03
-148.7500E-06,-82.0723604E-03,+20.1005023E-03
-148.5000E-06,-96.1427121E-03,+19.0954772E-03
-148.2500E-06,-114.2331641E-03,+17.0854270E-03
-148.0000E-06,-116.2432143E-03,+16.0804018E-03
-147.7500E-06,-140.3638171E-03,+18.0904521E-03
-147.5000E-06,-148.4040180E-03,+17.0854270E-03
-147.2500E-06,-170.5145706E-03,+16.0804018E-03
-147.0000E-06,-180.5648217E-03,+14.0703516E-03
-146.7500E-06,-196.6452235E-03,+14.5728642E-03
-146.5000E-06,-216.7457258E-03,+13.0653265E-03
-146.2500E-06,-228.8060272E-03,+14.0703516E-03
-146.0000E-06,-244.8864290E-03,+12.0603014E-03
-145.7500E-06,-260.9668309E-03,+11.5577888E-03
-145.5000E-06,-273.0271323E-03,+12.0603014E-03
-145.2500E-06,-293.1276346E-03,+10.0502511E-03
-145.0000E-06,-301.1678355E-03,+8.0402009E-03
-144.7500E-06,-317.2482373E-03,+6.0301507E-03
-144.5000E-06,-333.3286392E-03,+8.0402009E-03
-144.2500E-06,-349.4090410E-03,+4.5226130E-03
-144.0000E-06,-365.4894428E-03,+6.0301507E-03
-143.7500E-06,-381.5698447E-03,+2.5125628E-03
-143.5000E-06,-389.6100456E-03,+1.0050251E-03
-143.2500E-06,-405.6904474E-03,+2.5125628E-03
-143.0000E-06,-421.7708493E-03,-2.0100502E-03
-142.7500E-06,-437.8512511E-03,-502.5126E-06
-142.5000E-06,-453.9316529E-03,-2.0100502E-03
-142.2500E-06,-463.9819041E-03,-3.5175879E-03
-142.0000E-06,-478.0522557E-03,-4.0201005E-03
-141.7500E-06,-494.1326575E-03,-6.5326632E-03
-141.5000E-06,-510.2130594E-03,-9.0452260E-03
-141.2500E-06,-500.1628082E-03,-8.0402009E-03
-141.0000E-06,-478.0522557E-03,-10.0502511E-03
-140.7500E-06,-455.9417032E-03,-11.5577888E-03
-140.5000E-06,-445.8914520E-03,-11.0552763E-03
-140.2500E-06,-423.7808995E-03,-12.5628139E-03
-140.0000E-06,-413.7306483E-03,-14.0703516E-03
-139.7500E-06,-399.6602967E-03,-14.5728642E-03
-139.5000E-06,-377.5497442E-03,-15.0753767E-03
-139.2500E-06,-371.5195935E-03,-16.0804018E-03
-139.0000E-06,-349.4090410E-03,-16.0804018E-03
-138.7500E-06,-333.3286392E-03,-18.0904521E-03
-138.5000E-06,-317.2482373E-03,-18.0904521E-03
-138.2500E-06,-303.1778857E-03,-19.5979897E-03
-138.0000E-06,-293.1276346E-03,-20.1005023E-03
-137.7500E-06,-269.0070318E-03,-23.6180902E-03
-137.5000E-06,-252.9266300E-03,-22.1105525E-03
-137.2500E-06,-238.8562784E-03,-21.6080400E-03
-137.0000E-06,-212.7256254E-03,-22.1105525E-03
-136.7500E-06,-216.7457258E-03,-20.1005023E-03
-136.5000E-06,-192.6251231E-03,-23.1155776E-03
-136.2500E-06,-180.5648217E-03,-23.6180902E-03
-136.0000E-06,-164.4844199E-03,-22.1105525E-03
-135.7500E-06,-154.4341687E-03,-24.1206028E-03
-135.5000E-06,-132.3236162E-03,-24.1206028E-03
-135.2500E-06,-116.2432143E-03,-22.1105525E-03
-135.0000E-06,-100.1628125E-03,-24.1206028E-03
-134.7500E-06,-84.0824107E-03,-24.1206028E-03
-134.5000E-06,-68.0020088E-03,-23.1155776E-03
-134.2500E-06,-53.9316572E-03,-23.6180902E-03
-134.0000E-06,-51.9216070E-03,-24.1206028E-03
-133.7500E-06,-19.7608033E-03,-25.1256279E-03
-133.5000E-06,-15.7407029E-03,-23.1155776E-03
-133.2500E-06,+2.3497492E-03,-22.1105525E-03
-133.0000E-06,+20.4402013E-03,-24.1206028E-03
-132.7500E-06,+36.5206031E-03,-22.6130651E-03
-132.5000E-06,+40.5407036E-03,-22.1105525E-03
-132.2500E-06,+60.6412059E-03,-20.1005023E-03
-132.0000E-06,+76.7216077E-03,-20.1005023E-03
-131.7500E-06,+92.8020095E-03,-18.5929646E-03
-131.5000E-06,+104.8623109E-03,-20.1005023E-03
-131.2500E-06,+118.9326625E-03,-19.5979897E-03
-131.0000E-06,+133.0030141E-03,-20.1005023E-03
-130.7500E-06,+149.0834160E-03,-18.0904521E-03
-130.5000E-06,+169.1839183E-03,-17.0854270E-03
-130.2500E-06,+181.2442197E-03,-18.0904521E-03
-130.0000E-06,+205.3648224E-03,-14.0703516E-03
-129.7500E-06,+219.4351740E-03,-17.5879395E-03
-129.5000E-06,+229.4854252E-03,-16.0804018E-03
-129.2500E-06,+245.5658270E-03,-14.0703516E-03
-129.0000E-06,+261.6462288E-03,-14.0703516E-03
-128.7500E-06,+275.7165804E-03,-12.0603014E-03
-128.5000E-06,+281.7467311E-03,-10.0502511E-03
-128.2500E-06,+301.8472334E-03,-9.5477386E-03
-128.0000E-06,+309.8874344E-03,-8.0402009E-03
-127.7500E-06,+325.9678362E-03,-8.0402009E-03
-127.5000E-06,+346.0683385E-03,-6.0301507E-03
-127.2500E-06,+358.1286399E-03,-8.0402009E-03
-127.0000E-06,+374.2090417E-03,-4.0201005E-03
-126.7500E-06,+396.3195942E-03,-4.0201005E-03
-126.5000E-06,+406.3698454E-03,-2.0100502E-03
-126.2500E-06,+416.4200965E-03,-2.0100502E-03
-126.0000E-06,+422.4502472E-03,-0.0E+00
-125.7500E-06,+446.5708500E-03,+1.5075377E-03
-125.5000E-06,+458.6311514E-03,+2.0100502E-03
-125.2500E-06,+470.6914527E-03,+4.0201005E-03
-125.0000E-06,+486.7718546E-03,+6.0301507E-03
-124.7500E-06,+492.8020053E-03,+5.0251256E-03
-124.5000E-06,+474.7115532E-03,+7.0351758E-03
-124.2500E-06,+462.6512518E-03,+8.0402009E-03
-124.0000E-06,+446.5708500E-03,+10.0502511E-03
-123.7500E-06,+430.4904481E-03,+8.5427135E-03
-123.5000E-06,+414.4100463E-03,+11.0552763E-03
-123.2500E-06,+404.3597952E-03,+12.5628139E-03
-123.0000E-06,+390.2894435E-03,+12.0603014E-03
-122.7500E-06,+366.1688408E-03,+12.5628139E-03
-122.5000E-06,+350.0884390E-03,+14.0703516E-03
-122.2500E-06,+340.0381878E-03,+14.0703516E-03
-122.0000E-06,+325.9678362E-03,+14.0703516E-03
-121.7500E-06,+309.8874344E-03,+16.0804018E-03
-121.5000E-06,+289.7869321E-03,+17.0854270E-03
-121.2500E-06,+277.7266307E-03,+18.5929646E-03
-121.0000E-06,+261.6462288E-03,+18.0904521E-03
-120.7500E-06,+245.5658270E-03,+18.0904521E-03
-120.5000E-06,+233.5055256E-03,+19.0954772E-03
-120.2500E-06,+213.4050233E-03,+20.1005023E-03
-120.0000E-06,+197.3246215E-03,+20.1005023E-03
-119.7500E-06,+183.2542699E-03,+20.1005023E-03
-119.5000E-06,+165.1638178E-03,+21.1055274E-03
-119.2500E-06,+151.0934662E-03,+21.6080400E-03
-119.0000E-06,+141.0432151E-03,+20.1005023E-03
-118.7500E-06,+118.9326625E-03,+23.6180902E-03
-118.5000E-06,+104.8623109E-03,+21.1055274E-03
-118.2500E-06,+92.8020095E-03,+20.1005023E-03
-118.0000E-06,+76.7216077E-03,+20.1005023E-03
-117.7500E-06,+60.6412059E-03,+22.1105525E-03
-117.5000E-06,+40.5407036E-03,+22.1105525E-03
-117.2500E-06,+36.5206031E-03,+23.6180902E-03
-117.0000E-06,+12.4000004E-03,+20.1005023E-03
-116.7500E-06,-1.6703512E-03,+19.5979897E-03
-116.5000E-06,-11.7206024E-03,+20.1005023E-03
-116.2500E-06,-33.8311549E-03,+21.6080400E-03
-116.0000E-06,-43.8814061E-03,+22.1105525E-03
-115.7500E-06,-61.9718581E-03,+20.6030149E-03
-115.5000E-06,-76.0422098E-03,+19.0954772E-03
-115.2500E-06,-84.0824107E-03,+18.0904521E-03
-115.0000E-06,-100.1628125E-03,+18.0904521E-03
-114.7500E-06,-122.2733650E-03,+18.0904521E-03
-114.5000E-06,-140.3638171E-03,+18.0904521E-03
-114.2500E-06,-148.4040180E-03,+18.0904521E-03
-114.0000E-06,-164.4844199E-03,+14.0703516E-03
-113.7500E-06,-174.5346710E-03,+16.0804018E-03
-113.5000E-06,-192.6251231E-03,+13.0653265E-03
-113.2500E-06,-212.7256254E-03,+14.0703516E-03
-113.0000E-06,-220.7658263E-03,+14.0703516E-03
-112.7500E-06,-242.8763788E-03,+12.5628139E-03
-112.5000E-06,-248.9065295E-03,+12.0603014E-03
-112.2500E-06,-262.9768811E-03,+12.0603014E-03
-112.0000E-06,-285.0874336E-03,+8.0402009E-03
-111.7500E-06,-299.1577852E-03,+8.0402009E-03
-111.5000E-06,-317.2482373E-03,+8.0402009E-03
-111.2500E-06,-331.3185889E-03,+8.0402009E-03
-111.0000E-06,-349.4090410E-03,+6.0301507E-03
-110.7500E-06,-363.4793926E-03,+5.5276381E-03
-110.5000E-06,-373.5296438E-03,+4.0201005E-03
-110.2500E-06,-389.6100456E-03,+2.5125628E-03
-110.0000E-06,-397.6502465E-03,+4.0201005E-03
-109.7500E-06,-419.7607990E-03,+0.0E+00
-109.5000E-06,-429.8110502E-03,-1.0050251E-03
-109.2500E-06,-447.9015022E-03,-2.0100502E-03
-109.0000E-06,-470.0120548E-03,-4.0201005E-03
-108.7500E-06,-478.0522557E-03,-6.5326632E-03
-108.5000E-06,-486.0924566E-03,-6.0301507E-03
-108.2500E-06,-506.1929589E-03,-7.5376884E-03
-108.0000E-06,-502.1728585E-03,-8.0402009E-03
-107.7500E-06,-486.0924566E-03,-8.5427135E-03
-107.5000E-06,-465.9919543E-03,-11.0552763E-03
-107.2500E-06,-453.9316529E-03,-11.5577888E-03
-107.0000E-06,-437.8512511E-03,-12.0603014E-03
-106.7500E-06,-421.7708493E-03,-14.0703516E-03
-106.5000E-06,-401.6703470E-03,-12.0603014E-03
-106.2500E-06,-389.6100456E-03,-15.5778893E-03
-106.0000E-06,-365.4894428E-03,-16.0804018E-03
-105.7500E-06,-351.4190912E-03,-17.5879395E-03
-105.5000E-06,-337.3487396E-03,-17.0854270E-03
-105.2500E-06,-319.2582875E-03,-19.0954772E-03
-105.0000E-06,-309.2080364E-03,-20.1005023E-03
-104.7500E-06,-293.1276346E-03,-20.6030149E-03
-104.5000E-06,-277.0472327E-03,-20.1005023E-03
-104.2500E-06,-260.9668309E-03,-22.1105525E-03
-104.0000E-06,-244.8864290E-03,-22.1105525E-03
-103.7500E-06,-228.8060272E-03,-22.1105525E-03
-103.5000E-06,-220.7658263E-03,-22.1105525E-03
-103.2500E-06,-204.6854245E-03,-23.6180902E-03
-103.0000E-06,-188.6050226E-03,-22.1105525E-03
-102.7500E-06,-164.4844199E-03,-22.1105525E-03
-102.5000E-06,-156.4442189E-03,-24.1206028E-03
-102.2500E-06,-140.3638171E-03,-22.6130651E-03
-102.0000E-06,-124.2834153E-03,-24.1206028E-03
-101.7500E-06,-110.2130637E-03,-23.6180902E-03
-101.5000E-06,-92.1226116E-03,-23.1155776E-03
-101.2500E-06,-84.0824107E-03,-24.1206028E-03
-101.0000E-06,-59.9618079E-03,-22.1105525E-03
-100.7500E-06,-45.8914563E-03,-22.1105525E-03
-100.5000E-06,-35.8412052E-03,-24.1206028E-03
-100.2500E-06,-19.7608033E-03,-22.6130651E-03
-100.0000E-06,-3.6804015E-03,-22.1105525E-03
-99.7500E-06,+12.4000004E-03,-22.1105525E-03
-99.5000E-06,+28.4804022E-03,-23.1155776E-03
-99.2500E-06,+38.5306533E-03,-22.1105525E-03
-99.0000E-06,+60.6412059E-03,-22.1105525E-03
-98.7500E-06,+76.7216077E-03,-22.1105525E-03
-98.5000E-06,+92.8020095E-03,-21.1055274E-03
-98.2500E-06,+106.8723612E-03,-20.6030149E-03
-98.0000E-06,+116.9226123E-03,-20.1005023E-03
-97.7500E-06,+130.9929639E-03,-18.0904521E-03
-97.5000E-06,+149.0834160E-03,-17.0854270E-03
-97.2500E-06,+165.1638178E-03,-16.0804018E-03
-97.0000E-06,+181.2442197E-03,-16.0804018E-03
-96.7500E-06,+197.3246215E-03,-16.5829144E-03
-96.5000E-06,+209.3849229E-03,-16.0804018E-03
-96.2500E-06,+221.4452242E-03,-16.0804018E-03
-96.0000E-06,+245.5658270E-03,-12.0603014E-03
-95.7500E-06,+253.6060279E-03,-15.5778893E-03
-95.5000E-06,+265.6663293E-03,-13.0653265E-03
-95.2500E-06,+279.7366809E-03,-11.5577888E-03
-95.0000E-06,+301.8472334E-03,-10.0502511E-03
-94.7500E-06,+307.8773841E-03,-9.5477386E-03
-94.5000E-06,+325.9678362E-03,-8.0402009E-03
-94.2500E-06,+336.0180873E-03,-8.0402009E-03
-94.0000E-06,+350.0884389E-03,-6.0301507E-03
-93.7500E-06,+366.1688408E-03,-4.0201005E-03
-93.5000E-06,+382.2492426E-03,-4.0201005E-03
-93.2500E-06,+398.3296445E-03,-1.5075377E-03
-93.0000E-06,+414.4100463E-03,-0.0E+00
-92.7500E-06,+430.4904481E-03,+0.0E+00
-92.5000E-06,+442.5507495E-03,+0.0E+00
-92.2500E-06,+460.6412016E-03,+3.5175879E-03
-92.0000E-06,+462.6512518E-03,+4.0201005E-03
-91.7500E-06,+480.7417039E-03,+5.5276381E-03
-91.5000E-06,+498.8321560E-03,+6.0301507E-03
-91.2500E-06,+480.7417039E-03,+7.0351758E-03
-91.0000E-06,+470.6914527E-03,+8.0402009E-03
-90.7500E-06,+448.5809002E-03,+8.0402009E-03
-90.5000E-06,+442.5507495E-03,+10.0502511E-03
-90.2500E-06,+416.4200965E-03,+10.5527637E-03
-90.0000E-06,+406.3698454E-03,+12.0603014E-03
-89.7500E-06,+390.2894435E-03,+12.0603014E-03
-89.5000E-06,+370.1889412E-03,+15.0753767E-03
-89.2500E-06,+352.0984892E-03,+14.0703516E-03
-89.0000E-06,+342.0482380E-03,+16.0804018E-03
-88.7500E-06,+334.0080371E-03,+14.5728642E-03
-88.5000E-06,+313.9075348E-03,+16.0804018E-03
-88.2500E-06,+295.8170827E-03,+18.0904521E-03
-88.0000E-06,+285.7668316E-03,+18.0904521E-03
-87.7500E-06,+269.6864298E-03,+18.0904521E-03
-87.5000E-06,+253.6060279E-03,+19.0954772E-03
-87.2500E-06,+237.5256261E-03,+19.5979897E-03
-87.0000E-06,+221.4452242E-03,+20.1005023E-03
-86.7500E-06,+205.3648224E-03,+20.1005023E-03
-86.5000E-06,+185.2643201E-03,+20.1005023E-03
-86.2500E-06,+173.2040187E-03,+19.5979897E-03
-86.0000E-06,+157.1236169E-03,+20.1005023E-03
-85.7500E-06,+135.0130644E-03,+21.6080400E-03
-85.5000E-06,+124.9628132E-03,+21.1055274E-03
-85.2500E-06,+114.9125621E-03,+23.6180902E-03
-85.0000E-06,+92.8020095E-03,+20.1005023E-03
-84.7500E-06,+78.7316579E-03,+21.6080400E-03
-84.5000E-06,+68.6814068E-03,+21.1055274E-03
-84.2500E-06,+50.5909547E-03,+22.6130651E-03
-84.0000E-06,+36.5206031E-03,+24.1206028E-03
-83.7500E-06,+26.4703520E-03,+20.6030149E-03
-83.5000E-06,+339.6990E-06,+21.1055274E-03
-83.2500E-06,-5.6904517E-03,+21.1055274E-03
-83.0000E-06,-27.8010042E-03,+22.1105525E-03
-82.7500E-06,-35.8412052E-03,+20.6030149E-03
-82.5000E-06,-51.9216070E-03,+20.1005023E-03
-82.2500E-06,-68.0020088E-03,+19.5979897E-03
-82.0000E-06,-84.0824107E-03,+20.1005023E-03
-81.7500E-06,-100.1628125E-03,+18.0904521E-03
-81.5000E-06,-112.2231139E-03,+17.0854270E-03
-81.2500E-06,-132.3236162E-03,+18.0904521E-03
-81.0000E-06,-148.4040180E-03,+18.0904521E-03
-80.7500E-06,-156.4442189E-03,+16.0804018E-03
-80.5000E-06,-164.4844199E-03,+16.0804018E-03
-80.2500E-06,-186.5949724E-03,+14.5728642E-03
-80.0000E-06,-196.6452235E-03,+14.0703516E-03
-79.7500E-06,-220.7658263E-03,+13.0653265E-03
-79.5000E-06,-236.8462281E-03,+12.0603014E-03
-79.2500E-06,-244.8864290E-03,+11.5577888E-03
-79.0000E-06,-260.9668309E-03,+14.0703516E-03
-78.7500E-06,-277.0472327E-03,+10.5527637E-03
-78.5000E-06,-293.1276346E-03,+10.0502511E-03
-78.2500E-06,-301.1678355E-03,+8.0402009E-03
-78.0000E-06,-317.2482373E-03,+8.0402009E-03
-77.7500E-06,-335.3386894E-03,+7.5376884E-03
-77.5000E-06,-349.4090410E-03,+6.0301507E-03
-77.2500E-06,-373.5296438E-03,+4.0201005E-03
-77.0000E-06,-389.6100456E-03,+4.0201005E-03
-76.7500E-06,-397.6502465E-03,+502.5126E-06
-76.5000E-06,-413.7306483E-03,+1.0050251E-03
-76.2500E-06,-427.8010000E-03,-3.5175879E-03
-76.0000E-06,-445.8914520E-03,-2.0100502E-03
-75.7500E-06,-453.9316529E-03,-2.0100502E-03
-75.5000E-06,-470.0120548E-03,-3.0150753E-03
-75.2500E-06,-486.0924566E-03,-4.5226130E-03
-75.0000E-06,-502.1728585E-03,-8.0402009E-03
-74.7500E-06,-502.1728585E-03,-8.0402009E-03
-74.5000E-06,-490.1125571E-03,-10.0502511E-03
-74.2500E-06,-470.0120548E-03,-10.0502511E-03
-74.0000E-06,-461.9718539E-03,-10.0502511E-03
-73.7500E-06,-435.8412009E-03,-11.5577888E-03
-73.5000E-06,-425.7909497E-03,-13.0653265E-03
-73.2500E-06,-407.7004977E-03,-13.0653265E-03
-73.0000E-06,-397.6502465E-03,-16.0804018E-03
-72.7500E-06,-379.5597944E-03,-16.0804018E-03
-72.5000E-06,-365.4894428E-03,-17.0854270E-03
-72.2500E-06,-343.3788903E-03,-16.5829144E-03
-72.0000E-06,-325.2884382E-03,-16.0804018E-03
-71.7500E-06,-309.2080364E-03,-19.5979897E-03
-71.5000E-06,-301.1678355E-03,-19.0954772E-03
-71.2500E-06,-285.0874336E-03,-20.1005023E-03
-71.0000E-06,-269.0070318E-03,-20.1005023E-03
-70.7500E-06,-252.9266300E-03,-21.6080400E-03
-70.5000E-06,-240.8663286E-03,-22.1105525E-03
-70.2500E-06,-220.7658263E-03,-22.1105525E-03
-70.0000E-06,-204.6854245E-03,-24.1206028E-03
-69.7500E-06,-188.6050226E-03,-22.1105525E-03
-69.5000E-06,-176.5447212E-03,-22.1105525E-03
-69.2500E-06,-158.4542692E-03,-21.6080400E-03
-69.0000E-06,-148.4040180E-03,-24.1206028E-03
-68.7500E-06,-128.3035157E-03,-25.6281404E-03
-68.5000E-06,-112.2231139E-03,-24.1206028E-03
-68.2500E-06,-94.1326618E-03,-25.6281404E-03
-68.0000E-06,-84.0824107E-03,-24.1206028E-03
-67.7500E-06,-68.0020088E-03,-22.1105525E-03
-67.5000E-06,-47.9015065E-03,-24.1206028E-03
-67.2500E-06,-29.8110545E-03,-22.6130651E-03
-67.0000E-06,-19.7608033E-03,-22.1105525E-03
-66.7500E-06,-3.6804015E-03,-23.6180902E-03
-66.5000E-06,+12.4000004E-03,-23.1155776E-03
-66.2500E-06,+18.4301510E-03,-24.1206028E-03
-66.0000E-06,+44.5608040E-03,-22.1105525E-03
-65.7500E-06,+46.5708543E-03,-21.6080400E-03
-65.5000E-06,+64.6613063E-03,-20.1005023E-03
-65.2500E-06,+78.7316579E-03,-21.1055274E-03
-65.0000E-06,+92.8020095E-03,-20.1005023E-03
-64.7500E-06,+110.8924616E-03,-20.1005023E-03
-64.5000E-06,+124.9628132E-03,-18.0904521E-03
-64.2500E-06,+135.0130644E-03,-18.0904521E-03
-64.0000E-06,+165.1638178E-03,-18.0904521E-03
-63.7500E-06,+173.2040187E-03,-18.0904521E-03
-63.5000E-06,+193.3045210E-03,-17.0854270E-03
-63.2500E-06,+203.3547722E-03,-16.0804018E-03
-63.0000E-06,+213.4050233E-03,-16.0804018E-03
-62.7500E-06,+237.5256261E-03,-14.5728642E-03
-62.5000E-06,+249.5859275E-03,-13.0653265E-03
-62.2500E-06,+267.6763795E-03,-13.0653265E-03
-62.0000E-06,+277.7266307E-03,-10.0502511E-03
-61.7500E-06,+287.7768818E-03,-8.5427135E-03
-61.5000E-06,+305.8673339E-03,-10.0502511E-03
-61.2500E-06,+323.9577860E-03,-8.5427135E-03
-61.0000E-06,+334.0080371E-03,-10.0502511E-03
-60.7500E-06,+350.0884390E-03,-6.0301507E-03
-60.5000E-06,+374.2090417E-03,-4.0201005E-03
-60.2500E-06,+382.2492426E-03,-3.5175879E-03
-60.0000E-06,+390.2894435E-03,-4.0201005E-03
-59.7500E-06,+406.3698454E-03,-2.5125628E-03
-59.5000E-06,+418.4301468E-03,-1.0050251E-03
-59.2500E-06,+438.5306491E-03,+502.5126E-06
-59.0000E-06,+454.6110509E-03,+2.0100502E-03
-58.7500E-06,+470.6914527E-03,+4.0201005E-03
-58.5000E-06,+478.7316537E-03,+4.0201005E-03
-58.2500E-06,+500.8422062E-03,+4.5226130E-03
-58.0000E-06,+486.7718546E-03,+4.0201005E-03
-57.7500E-06,+476.7216034E-03,+6.5326632E-03
-57.5000E-06,+454.6110509E-03,+8.0402009E-03
-57.2500E-06,+438.5306491E-03,+12.0603014E-03
-57.0000E-06,+430.4904481E-03,+12.0603014E-03
-56.7500E-06,+414.4100463E-03,+11.5577888E-03
-56.5000E-06,+398.3296445E-03,+13.0653265E-03
-56.2500E-06,+382.2492426E-03,+13.5678391E-03
-56.0000E-06,+366.1688408E-03,+14.0703516E-03
-55.7500E-06,+350.0884390E-03,+15.5778893E-03
-55.5000E-06,+325.9678362E-03,+15.0753767E-03
-55.2500E-06,+317.9276353E-03,+16.0804018E-03
-55.0000E-06,+309.8874344E-03,+16.0804018E-03
-54.7500E-06,+285.7668316E-03,+17.5879395E-03
-54.5000E-06,+273.7065302E-03,+19.0954772E-03
-54.2500E-06,+253.6060279E-03,+18.0904521E-03
-54.0000E-06,+253.6060279E-03,+20.1005023E-03
-53.7500E-06,+229.4854252E-03,+18.0904521E-03
-53.5000E-06,+209.3849229E-03,+20.1005023E-03
-53.2500E-06,+189.2844206E-03,+21.6080400E-03
-53.0000E-06,+181.2442196E-03,+20.1005023E-03
-52.7500E-06,+169.1839183E-03,+20.6030149E-03
-52.5000E-06,+149.0834160E-03,+22.1105525E-03
-52.2500E-06,+133.0030141E-03,+20.6030149E-03
-52.0000E-06,+116.9226123E-03,+20.1005023E-03
-51.7500E-06,+102.8522607E-03,+22.1105525E-03
-51.5000E-06,+84.7618086E-03,+22.1105525E-03
-51.2500E-06,+76.7216077E-03,+23.6180902E-03
-51.0000E-06,+52.6010050E-03,+20.1005023E-03
-50.7500E-06,+36.5206031E-03,+21.6080400E-03
-50.5000E-06,+24.4603017E-03,+20.1005023E-03
-50.2500E-06,+12.4000004E-03,+20.6030149E-03
-50.0000E-06,-11.7206024E-03,+22.1105525E-03
-49.7500E-06,-17.7507531E-03,+21.1055274E-03
-49.5000E-06,-39.8613056E-03,+22.1105525E-03
-49.2500E-06,-51.9216070E-03,+20.6030149E-03
-49.0000E-06,-68.0020088E-03,+20.1005023E-03
-48.7500E-06,-82.0723604E-03,+20.1005023E-03
-48.5000E-06,-92.1226116E-03,+17.0854270E-03
-48.2500E-06,-114.2331641E-03,+16.0804018E-03
-48.0000E-06,-124.2834153E-03,+16.0804018E-03
-47.7500E-06,-140.3638171E-03,+17.5879395E-03
-47.5000E-06,-148.4040180E-03,+19.0954772E-03
-47.2500E-06,-170.5145706E-03,+15.5778893E-03
-47.0000E-06,-180.5648217E-03,+16.0804018E-03
-46.7500E-06,-198.6552738E-03,+14.0703516E-03
-46.5000E-06,-208.7055249E-03,+14.0703516E-03
-46.2500E-06,-228.8060272E-03,+12.0603014E-03
-46.0000E-06,-244.8864290E-03,+12.0603014E-03
-45.7500E-06,-254.9366802E-03,+11.5577888E-03
-45.5000E-06,-277.0472327E-03,+10.0502511E-03
-45.2500E-06,-285.0874336E-03,+8.5427135E-03
-45.0000E-06,-317.2482373E-03,+10.0502511E-03
-44.7500E-06,-317.2482373E-03,+7.5376884E-03
-44.5000E-06,-333.3286392E-03,+8.0402009E-03
-44.2500E-06,-353.4291415E-03,+7.5376884E-03
-44.0000E-06,-357.4492419E-03,+4.0201005E-03
-43.7500E-06,-373.5296438E-03,+2.0100502E-03
-43.5000E-06,-397.6502465E-03,+2.0100502E-03
-43.2500E-06,-405.6904474E-03,+502.5126E-06
-43.0000E-06,-421.7708493E-03,-0.0E+00
-42.7500E-06,-437.8512511E-03,-2.0100502E-03
-42.5000E-06,-449.9115525E-03,-3.0150753E-03
-42.2500E-06,-470.0120548E-03,-4.0201005E-03
-42.0000E-06,-478.0522557E-03,-6.0301507E-03
-41.7500E-06,-496.1427078E-03,-6.5326632E-03
-41.5000E-06,-510.2130594E-03,-8.0402009E-03
-41.2500E-06,-490.1125571E-03,-10.0502511E-03
-41.0000E-06,-478.0522557E-03,-10.0502511E-03
-40.7500E-06,-459.9618036E-03,-10.0502511E-03
-40.5000E-06,-449.9115525E-03,-11.0552763E-03
-40.2500E-06,-429.8110502E-03,-13.5678391E-03
-40.0000E-06,-413.7306483E-03,-14.0703516E-03
-39.7500E-06,-397.6502465E-03,-15.5778893E-03
-39.5000E-06,-381.5698447E-03,-17.0854270E-03
-39.2500E-06,-365.4894428E-03,-16.0804018E-03
-39.0000E-06,-349.4090410E-03,-18.0904521E-03
-38.7500E-06,-339.3587898E-03,-18.0904521E-03
-38.5000E-06,-317.2482373E-03,-18.0904521E-03
-38.2500E-06,-303.1778857E-03,-18.0904521E-03
-38.0000E-06,-285.0874336E-03,-20.1005023E-03
-37.7500E-06,-275.0371825E-03,-20.6030149E-03
-37.5000E-06,-252.9266300E-03,-22.1105525E-03
-37.2500E-06,-244.8864290E-03,-21.6080400E-03
-37.0000E-06,-220.7658263E-03,-20.1005023E-03
-36.7500E-06,-216.7457258E-03,-23.6180902E-03
-36.5000E-06,-196.6452235E-03,-23.1155776E-03
-36.2500E-06,-180.5648217E-03,-24.1206028E-03
-36.0000E-06,-164.4844199E-03,-22.1105525E-03
-35.7500E-06,-148.4040180E-03,-22.6130651E-03
-35.5000E-06,-132.3236162E-03,-23.1155776E-03
-35.2500E-06,-116.2432143E-03,-22.6130651E-03
-35.0000E-06,-108.2030134E-03,-24.1206028E-03
-34.7500E-06,-82.0723604E-03,-24.6231153E-03
-34.5000E-06,-76.0422098E-03,-24.1206028E-03
-34.2500E-06,-51.9216070E-03,-24.1206028E-03
-34.0000E-06,-43.8814061E-03,-24.1206028E-03
-33.7500E-06,-27.8010042E-03,-22.1105525E-03
-33.5000E-06,-19.7608033E-03,-22.1105525E-03
-33.2500E-06,+2.3497492E-03,-23.6180902E-03
-33.0000E-06,+20.4402013E-03,-22.1105525E-03
-32.7500E-06,+28.4804022E-03,-25.1256279E-03
-32.5000E-06,+44.5608040E-03,-23.1155776E-03
-32.2500E-06,+60.6412059E-03,-20.1005023E-03
-32.0000E-06,+68.6814068E-03,-24.1206028E-03
-31.7500E-06,+92.8020095E-03,-20.1005023E-03
-31.5000E-06,+104.8623109E-03,-21.1055274E-03
-31.2500E-06,+116.9226123E-03,-18.5929646E-03
-31.0000E-06,+141.0432151E-03,-16.0804018E-03
-30.7500E-06,+157.1236169E-03,-18.5929646E-03
-30.5000E-06,+169.1839183E-03,-17.0854270E-03
-30.2500E-06,+183.2542699E-03,-18.0904521E-03
-30.0000E-06,+197.3246215E-03,-18.0904521E-03
-29.7500E-06,+211.3949731E-03,-15.5778893E-03
-29.5000E-06,+225.4653247E-03,-15.0753767E-03
-29.2500E-06,+245.5658270E-03,-12.0603014E-03
-29.0000E-06,+261.6462288E-03,-12.0603014E-03
-28.7500E-06,+269.6864298E-03,-12.0603014E-03
-28.5000E-06,+289.7869321E-03,-12.0603014E-03
-28.2500E-06,+301.8472334E-03,-10.0502511E-03
-28.0000E-06,+325.9678362E-03,-10.0502511E-03
-27.7500E-06,+325.9678362E-03,-8.0402009E-03
-27.5000E-06,+346.0683385E-03,-7.0351758E-03
-27.2500E-06,+362.1487403E-03,-6.0301507E-03
-27.0000E-06,+390.2894435E-03,-2.0100502E-03
-26.7500E-06,+390.2894435E-03,-502.5126E-06
-26.5000E-06,+406.3698454E-03,-3.0150753E-03
-26.2500E-06,+414.4100463E-03,-3.5175879E-03
-26.0000E-06,+430.4904481E-03,-2.0100502E-03
-25.7500E-06,+440.5406993E-03,+0.0E+00
-25.5000E-06,+466.6713523E-03,+4.0201005E-03
-25.2500E-06,+472.7015030E-03,+4.0201005E-03
-25.0000E-06,+486.7718546E-03,+6.0301507E-03
-24.7500E-06,+486.7718546E-03,+6.0301507E-03
-24.5000E-06,+478.7316537E-03,+9.0452260E-03
-24.2500E-06,+462.6512518E-03,+8.0402009E-03
-24.0000E-06,+446.5708500E-03,+10.0502511E-03
-23.7500E-06,+438.5306491E-03,+8.0402009E-03
-23.5000E-06,+414.4100463E-03,+11.0552763E-03
-23.2500E-06,+398.3296445E-03,+10.5527637E-03
-23.0000E-06,+390.2894435E-03,+14.0703516E-03
-22.7500E-06,+368.1788910E-03,+12.5628139E-03
-22.5000E-06,+354.1085394E-03,+14.0703516E-03
-22.2500E-06,+352.0984892E-03,+15.5778893E-03
-22.0000E-06,+325.9678362E-03,+16.0804018E-03
-21.7500E-06,+309.8874344E-03,+16.5829144E-03
-21.5000E-06,+297.8271330E-03,+17.0854270E-03
-21.2500E-06,+271.6964800E-03,+17.5879395E-03
-21.0000E-06,+261.6462288E-03,+20.1005023E-03
-20.7500E-06,+251.5959777E-03,+18.5929646E-03
-20.5000E-06,+229.4854252E-03,+21.1055274E-03
-20.2500E-06,+213.4050233E-03,+20.6030149E-03
-20.0000E-06,+197.3246215E-03,+22.1105525E-03
-19.7500E-06,+189.2844206E-03,+21.6080400E-03
-19.5000E-06,+177.2241192E-03,+21.1055274E-03
-19.2500E-06,+151.0934662E-03,+20.1005023E-03
-19.0000E-06,+133.0030141E-03,+22.1105525E-03
-18.7500E-06,+118.9326625E-03,+20.6030149E-03
-18.5000E-06,+108.8824114E-03,+21.1055274E-03
-18.2500E-06,+90.7919593E-03,+22.1105525E-03
-18.0000E-06,+84.7618086E-03,+20.1005023E-03
-17.7500E-06,+60.6412059E-03,+21.1055274E-03
-17.5000E-06,+44.5608040E-03,+21.1055274E-03
-17.2500E-06,+28.4804022E-03,+22.1105525E-03
-17.0000E-06,+12.4000004E-03,+22.1105525E-03
-16.7500E-06,+2.3497492E-03,+22.1105525E-03
-16.5000E-06,-11.7206024E-03,+21.1055274E-03
-16.2500E-06,-31.8211047E-03,+20.1005023E-03
-16.0000E-06,-43.8814061E-03,+20.1005023E-03
-15.7500E-06,-59.9618079E-03,+20.6030149E-03
-15.5000E-06,-72.0221093E-03,+20.1005023E-03
-15.2500E-06,-92.1226116E-03,+19.5979897E-03
-15.0000E-06,-108.2030134E-03,+18.0904521E-03
-14.7500E-06,-116.2432143E-03,+18.0904521E-03
-14.5000E-06,-132.3236162E-03,+18.0904521E-03
-14.2500E-06,-154.4341687E-03,+16.0804018E-03
-14.0000E-06,-164.4844199E-03,+18.0904521E-03
-13.7500E-06,-176.5447212E-03,+16.0804018E-03
-13.5000E-06,-188.6050226E-03,+14.0703516E-03
-13.2500E-06,-210.7155751E-03,+15.5778893E-03
-13.0000E-06,-212.7256254E-03,+16.0804018E-03
-12.7500E-06,-242.8763788E-03,+12.0603014E-03
-12.5000E-06,-252.9266300E-03,+12.0603014E-03
-12.2500E-06,-262.9768811E-03,+10.0502511E-03
-12.0000E-06,-285.0874336E-03,+10.0502511E-03
-11.7500E-06,-299.1577852E-03,+9.5477386E-03
-11.5000E-06,-317.2482373E-03,+8.0402009E-03
-11.2500E-06,-325.2884382E-03,+6.0301507E-03
-11.0000E-06,-341.3688401E-03,+6.0301507E-03
-10.7500E-06,-353.4291415E-03,+4.0201005E-03
-10.5000E-06,-377.5497442E-03,+4.0201005E-03
-10.2500E-06,-387.5999954E-03,+3.5175879E-03
-10.0000E-06,-397.6502465E-03,+2.0100502E-03
-9.7500E-06,-419.7607990E-03,+1.5075377E-03
-9.5000E-06,-433.8311506E-03,+1.0050251E-03
-9.2500E-06,-441.8713516E-03,-3.5175879E-03
-9.0000E-06,-461.9718539E-03,-4.0201005E-03
-8.7500E-06,-480.0623059E-03,-5.5276381E-03
-8.5000E-06,-490.1125571E-03,-7.0351758E-03
-8.2500E-06,-508.2030091E-03,-6.0301507E-03
-8.0000E-06,-502.1728585E-03,-8.0402009E-03
-7.7500E-06,-486.0924566E-03,-10.0502511E-03
-7.5000E-06,-461.9718539E-03,-10.0502511E-03
-7.2500E-06,-453.9316529E-03,-12.0603014E-03
-7.0000E-06,-429.8110502E-03,-14.0703516E-03
-6.7500E-06,-421.7708493E-03,-12.5628139E-03
-6.5000E-06,-397.6502465E-03,-14.0703516E-03
-6.2500E-06,-389.6100456E-03,-15.5778893E-03
-6.0000E-06,-373.5296438E-03,-16.0804018E-03
-5.7500E-06,-355.4391917E-03,-19.5979897E-03
-5.5000E-06,-341.3688401E-03,-18.0904521E-03
-5.2500E-06,-325.2884382E-03,-19.5979897E-03
-5.0000E-06,-301.1678355E-03,-20.1005023E-03
-4.7500E-06,-293.1276346E-03,-18.5929646E-03
-4.5000E-06,-277.0472327E-03,-19.0954772E-03
-4.2500E-06,-266.9969816E-03,-20.1005023E-03
-4.0000E-06,-244.8864290E-03,-18.0904521E-03
-3.7500E-06,-226.7959770E-03,-20.1005023E-03
-3.5000E-06,-212.7256254E-03,-22.1105525E-03
-3.2500E-06,-204.6854245E-03,-24.1206028E-03
-3.0000E-06,-180.5648217E-03,-22.1105525E-03
-2.7500E-06,-170.5145705E-03,-23.6180902E-03
-2.5000E-06,-156.4442189E-03,-21.1055274E-03
-2.2500E-06,-138.3537669E-03,-24.1206028E-03
-2.0000E-06,-124.2834153E-03,-22.1105525E-03
-1.7500E-06,-108.2030134E-03,-24.1206028E-03
-1.5000E-06,-88.1025111E-03,-26.1306530E-03
-1.2500E-06,-78.0522600E-03,-22.1105525E-03
-1.0000E-06,-68.0020088E-03,-24.1206028E-03
-750.0E-09,-49.9115568E-03,-24.1206028E-03
-500.0E-09,-27.8010042E-03,-24.1206028E-03
-250.0E-09,-13.7306526E-03,-23.6180902E-03
+0.0E+00,-11.7206024E-03,-22.1105525E-03
+250.0E-09,+18.4301510E-03,-23.1155776E-03
+500.0E-09,+28.4804022E-03,-23.1155776E-03
+750.0E-09,+40.5407036E-03,-20.6030149E-03
+1.0000E-06,+60.6412059E-03,-22.1105525E-03
+1.2500E-06,+76.7216077E-03,-20.6030149E-03
+1.5000E-06,+88.7819091E-03,-21.1055274E-03
+1.7500E-06,+100.8422105E-03,-21.6080400E-03
+2.0000E-06,+116.9226123E-03,-18.0904521E-03
+2.2500E-06,+133.0030141E-03,-18.0904521E-03
+2.5000E-06,+149.0834160E-03,-19.0954772E-03
+2.7500E-06,+159.1336671E-03,-20.1005023E-03
+3.0000E-06,+181.2442196E-03,-18.0904521E-03
+3.2500E-06,+191.2944708E-03,-16.0804018E-03
+3.5000E-06,+213.4050233E-03,-16.0804018E-03
+3.7500E-06,+221.4452242E-03,-16.0804018E-03
+4.0000E-06,+237.5256261E-03,-14.0703516E-03
+4.2500E-06,+253.6060279E-03,-12.5628139E-03
+4.5000E-06,+269.6864298E-03,-12.0603014E-03
+4.7500E-06,+277.7266307E-03,-12.0603014E-03
+5.0000E-06,+293.8070325E-03,-10.0502511E-03
+5.2500E-06,+315.9175850E-03,-10.5527637E-03
+5.5000E-06,+325.9678362E-03,-9.0452260E-03
+5.7500E-06,+342.0482380E-03,-7.5376884E-03
+6.0000E-06,+358.1286399E-03,-6.0301507E-03
+6.2500E-06,+372.1989915E-03,-6.0301507E-03
+6.5000E-06,+382.2492426E-03,-4.0201005E-03
+6.7500E-06,+398.3296445E-03,-4.0201005E-03
+7.0000E-06,+414.4100463E-03,-0.0E+00
+7.2500E-06,+430.4904481E-03,+0.0E+00
+7.5000E-06,+442.5507495E-03,+2.0100502E-03
+7.7500E-06,+454.6110509E-03,+3.5175879E-03
+8.0000E-06,+470.6914527E-03,+4.0201005E-03
+8.2500E-06,+488.7819048E-03,+6.0301507E-03
+8.5000E-06,+498.8321559E-03,+7.0351758E-03
+8.7500E-06,+480.7417039E-03,+6.0301507E-03
+9.0000E-06,+462.6512518E-03,+8.0402009E-03
+9.2500E-06,+454.6110509E-03,+10.0502511E-03
+9.5000E-06,+434.5105486E-03,+9.0452260E-03
+9.7500E-06,+422.4502472E-03,+10.0502511E-03
+10.0000E-06,+398.3296445E-03,+12.0603014E-03
+10.2500E-06,+382.2492426E-03,+12.0603014E-03
+10.5000E-06,+378.2291422E-03,+13.0653265E-03
+10.7500E-06,+360.1386901E-03,+14.5728642E-03
+11.0000E-06,+350.0884390E-03,+18.0904521E-03
+11.2500E-06,+327.9778864E-03,+16.0804018E-03
+11.5000E-06,+309.8874344E-03,+16.0804018E-03
+11.7500E-06,+293.8070325E-03,+17.5879395E-03
+12.0000E-06,+285.7668316E-03,+16.0804018E-03
+12.2500E-06,+267.6763795E-03,+18.0904521E-03
+12.5000E-06,+253.6060279E-03,+19.0954772E-03
+12.7500E-06,+237.5256261E-03,+20.1005023E-03
+13.0000E-06,+221.4452242E-03,+18.0904521E-03
+13.2500E-06,+199.3346717E-03,+20.1005023E-03
+13.5000E-06,+185.2643201E-03,+20.1005023E-03
+13.7500E-06,+173.2040187E-03,+22.1105525E-03
+14.0000E-06,+149.0834160E-03,+22.1105525E-03
+14.2500E-06,+149.0834160E-03,+22.1105525E-03
+14.5000E-06,+124.9628132E-03,+21.1055274E-03
+14.7500E-06,+108.8824114E-03,+20.6030149E-03
+15.0000E-06,+92.8020095E-03,+22.1105525E-03
+15.2500E-06,+76.7216077E-03,+22.1105525E-03
+15.5000E-06,+64.6613063E-03,+24.1206028E-03
+15.7500E-06,+46.5708543E-03,+22.1105525E-03
+16.0000E-06,+36.5206031E-03,+20.1005023E-03
+16.2500E-06,+20.4402013E-03,+19.5979897E-03
+16.5000E-06,+4.3597994E-03,+21.1055274E-03
+16.7500E-06,-11.7206024E-03,+21.6080400E-03
+17.0000E-06,-19.7608033E-03,+22.1105525E-03
+17.2500E-06,-37.8512554E-03,+20.1005023E-03
+17.5000E-06,-55.9417075E-03,+20.1005023E-03
+17.7500E-06,-76.0422098E-03,+18.0904521E-03
+18.0000E-06,-84.0824107E-03,+18.0904521E-03
+18.2500E-06,-100.1628125E-03,+16.5829144E-03
+18.5000E-06,-112.2231139E-03,+18.0904521E-03
+18.7500E-06,-124.2834153E-03,+18.0904521E-03
+19.0000E-06,-148.4040180E-03,+18.0904521E-03
+19.2500E-06,-156.4442189E-03,+17.5879395E-03
+19.5000E-06,-172.5246208E-03,+15.0753767E-03
+19.7500E-06,-188.6050226E-03,+14.5728642E-03
+20.0000E-06,-204.6854245E-03,+14.0703516E-03
+20.2500E-06,-220.7658263E-03,+14.0703516E-03
+20.5000E-06,-228.8060272E-03,+12.0603014E-03
+20.7500E-06,-246.8964793E-03,+12.0603014E-03
+21.0000E-06,-269.0070318E-03,+12.0603014E-03
+21.2500E-06,-275.0371825E-03,+11.5577888E-03
+21.5000E-06,-289.1075341E-03,+8.0402009E-03
+21.7500E-06,-309.2080364E-03,+8.5427135E-03
+22.0000E-06,-317.2482373E-03,+8.0402009E-03
+22.2500E-06,-341.3688401E-03,+6.0301507E-03
+22.5000E-06,-349.4090410E-03,+6.0301507E-03
+22.7500E-06,-373.5296438E-03,+4.0201005E-03
+23.0000E-06,-389.6100456E-03,+2.0100502E-03
+23.2500E-06,-395.6401963E-03,+2.0100502E-03
+23.5000E-06,-409.7105479E-03,+0.0E+00
+23.7500E-06,-427.8010000E-03,+0.0E+00
+24.0000E-06,-437.8512511E-03,-2.0100502E-03
+24.2500E-06,-461.9718539E-03,-4.0201005E-03
+24.5000E-06,-465.9919543E-03,-5.0251256E-03
+24.7500E-06,-486.0924566E-03,-6.5326632E-03
+25.0000E-06,-502.1728585E-03,-8.0402009E-03
+25.2500E-06,-502.1728585E-03,-8.0402009E-03
+25.5000E-06,-486.0924566E-03,-8.0402009E-03
+25.7500E-06,-478.0522557E-03,-11.5577888E-03
+26.0000E-06,-453.9316529E-03,-12.0603014E-03
+26.2500E-06,-437.8512511E-03,-12.0603014E-03
+26.5000E-06,-429.8110502E-03,-13.0653265E-03
+26.7500E-06,-405.6904474E-03,-14.0703516E-03
+27.0000E-06,-397.6502465E-03,-14.0703516E-03
+27.2500E-06,-367.4994931E-03,-14.0703516E-03
+27.5000E-06,-353.4291415E-03,-17.0854270E-03
+27.7500E-06,-343.3788903E-03,-16.5829144E-03
+28.0000E-06,-333.3286392E-03,-18.0904521E-03
+28.2500E-06,-311.2180866E-03,-19.5979897E-03
+28.5000E-06,-293.1276346E-03,-18.0904521E-03
+28.7500E-06,-277.0472327E-03,-21.6080400E-03
+29.0000E-06,-269.0070318E-03,-22.1105525E-03
+29.2500E-06,-244.8864290E-03,-22.1105525E-03
+29.5000E-06,-228.8060272E-03,-24.1206028E-03
+29.7500E-06,-220.7658263E-03,-22.1105525E-03
+30.0000E-06,-204.6854245E-03,-20.1005023E-03
+30.2500E-06,-188.6050226E-03,-22.1105525E-03
+30.5000E-06,-172.5246208E-03,-23.1155776E-03
+30.7500E-06,-158.4542692E-03,-23.1155776E-03
+31.0000E-06,-140.3638171E-03,-24.1206028E-03
+31.2500E-06,-126.2934655E-03,-24.1206028E-03
+31.5000E-06,-112.2231139E-03,-24.1206028E-03
+31.7500E-06,-104.1829130E-03,-24.1206028E-03
+32.0000E-06,-84.0824107E-03,-24.1206028E-03
+32.2500E-06,-70.0120591E-03,-22.6130651E-03
+32.5000E-06,-55.9417075E-03,-24.1206028E-03
+32.7500E-06,-37.8512554E-03,-22.6130651E-03
+33.0000E-06,-19.7608033E-03,-24.1206028E-03
+33.2500E-06,-5.6904517E-03,-22.6130651E-03
+33.5000E-06,+4.3597994E-03,-23.1155776E-03
+33.7500E-06,+20.4402013E-03,-23.6180902E-03
+34.0000E-06,+36.5206031E-03,-20.1005023E-03
+34.2500E-06,+52.6010050E-03,-22.1105525E-03
+34.5000E-06,+68.6814068E-03,-22.1105525E-03
+34.7500E-06,+84.7618086E-03,-20.6030149E-03
+35.0000E-06,+92.8020095E-03,-22.1105525E-03
+35.2500E-06,+110.8924616E-03,-19.5979897E-03
+35.5000E-06,+124.9628132E-03,-20.1005023E-03
+35.7500E-06,+141.0432151E-03,-20.1005023E-03
+36.0000E-06,+165.1638178E-03,-20.1005023E-03
+36.2500E-06,+177.2241192E-03,-17.5879395E-03
+36.5000E-06,+185.2643201E-03,-17.0854270E-03
+36.7500E-06,+199.3346717E-03,-17.5879395E-03
+37.0000E-06,+221.4452242E-03,-16.0804018E-03
+37.2500E-06,+231.4954754E-03,-15.5778893E-03
+37.5000E-06,+249.5859275E-03,-12.0603014E-03
+37.7500E-06,+267.6763795E-03,-12.5628139E-03
+38.0000E-06,+277.7266307E-03,-12.0603014E-03
+38.2500E-06,+295.8170828E-03,-8.5427135E-03
+38.5000E-06,+309.8874344E-03,-10.0502511E-03
+38.7500E-06,+323.9577860E-03,-9.5477386E-03
+39.0000E-06,+334.0080371E-03,-8.0402009E-03
+39.2500E-06,+350.0884390E-03,-7.0351758E-03
+39.5000E-06,+366.1688408E-03,-3.0150753E-03
+39.7500E-06,+376.2190919E-03,-6.0301507E-03
+40.0000E-06,+390.2894435E-03,-2.0100502E-03
+40.2500E-06,+414.4100463E-03,-2.5125628E-03
+40.5000E-06,+418.4301468E-03,-1.0050251E-03
+40.7500E-06,+438.5306491E-03,+0.0E+00
+41.0000E-06,+446.5708500E-03,+0.0E+00
+41.2500E-06,+470.6914527E-03,+3.0150753E-03
+41.5000E-06,+478.7316537E-03,+3.0150753E-03
+41.7500E-06,+486.7718546E-03,+4.0201005E-03
+42.0000E-06,+486.7718546E-03,+8.0402009E-03
+42.2500E-06,+470.6914527E-03,+7.5376884E-03
+42.5000E-06,+458.6311514E-03,+7.0351758E-03
+42.7500E-06,+444.5607998E-03,+8.5427135E-03
+43.0000E-06,+422.4502472E-03,+10.0502511E-03
+43.2500E-06,+414.4100463E-03,+10.0502511E-03
+43.5000E-06,+398.3296445E-03,+12.0603014E-03
+43.7500E-06,+388.2793933E-03,+13.5678391E-03
+44.0000E-06,+366.1688408E-03,+14.0703516E-03
+44.2500E-06,+358.1286399E-03,+14.5728642E-03
+44.5000E-06,+338.0281376E-03,+16.0804018E-03
+44.7500E-06,+317.9276353E-03,+16.0804018E-03
+45.0000E-06,+309.8874344E-03,+16.0804018E-03
+45.2500E-06,+287.7768818E-03,+16.0804018E-03
+45.5000E-06,+273.7065302E-03,+17.0854270E-03
+45.7500E-06,+247.5758772E-03,+19.5979897E-03
+46.0000E-06,+237.5256261E-03,+22.1105525E-03
+46.2500E-06,+227.4753749E-03,+20.1005023E-03
+46.5000E-06,+213.4050233E-03,+19.0954772E-03
+46.7500E-06,+189.2844206E-03,+19.5979897E-03
+47.0000E-06,+181.2442197E-03,+22.1105525E-03
+47.2500E-06,+165.1638178E-03,+19.5979897E-03
+47.5000E-06,+149.0834160E-03,+20.1005023E-03
+47.7500E-06,+126.9728634E-03,+22.1105525E-03
+48.0000E-06,+116.9226123E-03,+22.1105525E-03
+48.2500E-06,+108.8824114E-03,+23.6180902E-03
+48.5000E-06,+84.7618086E-03,+22.1105525E-03
+48.7500E-06,+76.7216077E-03,+20.6030149E-03
+49.0000E-06,+60.6412059E-03,+22.1105525E-03
+49.2500E-06,+38.5306533E-03,+21.6080400E-03
+49.5000E-06,+24.4603017E-03,+21.1055274E-03
+49.7500E-06,+12.4000004E-03,+21.6080400E-03
+50.0000E-06,+4.3597994E-03,+22.1105525E-03
+50.2500E-06,-11.7206024E-03,+20.6030149E-03
+50.5000E-06,-31.8211047E-03,+22.1105525E-03
+50.7500E-06,-45.8914563E-03,+18.5929646E-03
+51.0000E-06,-59.9618079E-03,+20.1005023E-03
+51.2500E-06,-76.0422098E-03,+18.5929646E-03
+51.5000E-06,-92.1226116E-03,+20.1005023E-03
+51.7500E-06,-108.2030134E-03,+20.1005023E-03
+52.0000E-06,-124.2834153E-03,+16.0804018E-03
+52.2500E-06,-140.3638171E-03,+17.5879395E-03
+52.5000E-06,-152.4241185E-03,+17.0854270E-03
+52.7500E-06,-164.4844199E-03,+16.0804018E-03
+53.0000E-06,-188.6050226E-03,+16.0804018E-03
+53.2500E-06,-196.6452235E-03,+15.5778893E-03
+53.5000E-06,-212.7256254E-03,+14.0703516E-03
+53.7500E-06,-222.7758765E-03,+15.5778893E-03
+54.0000E-06,-244.8864290E-03,+12.0603014E-03
+54.2500E-06,-260.9668309E-03,+12.5628139E-03
+54.5000E-06,-273.0271323E-03,+11.0552763E-03
+54.7500E-06,-285.0874336E-03,+9.5477386E-03
+55.0000E-06,-301.1678355E-03,+8.0402009E-03
+55.2500E-06,-317.2482373E-03,+8.0402009E-03
+55.5000E-06,-329.3085387E-03,+7.0351758E-03
+55.7500E-06,-347.3989908E-03,+5.5276381E-03
+56.0000E-06,-365.4894428E-03,+6.0301507E-03
+56.2500E-06,-373.5296438E-03,+3.5175879E-03
+56.5000E-06,-393.6301460E-03,+2.0100502E-03
+56.7500E-06,-401.6703470E-03,+502.5126E-06
+57.0000E-06,-429.8110502E-03,-2.0100502E-03
+57.2500E-06,-437.8512511E-03,+0.0E+00
+57.5000E-06,-453.9316529E-03,-3.0150753E-03
+57.7500E-06,-463.9819041E-03,-3.5175879E-03
+58.0000E-06,-478.0522557E-03,-6.0301507E-03
+58.2500E-06,-494.1326575E-03,-6.0301507E-03
+58.5000E-06,-506.1929589E-03,-9.0452260E-03
+58.7500E-06,-494.1326575E-03,-8.0402009E-03
+59.0000E-06,-478.0522557E-03,-10.0502511E-03
+59.2500E-06,-461.9718539E-03,-10.5527637E-03
+59.5000E-06,-449.9115525E-03,-10.0502511E-03
+59.7500E-06,-427.8010000E-03,-13.5678391E-03
+60.0000E-06,-413.7306483E-03,-14.0703516E-03
+60.2500E-06,-397.6502465E-03,-14.0703516E-03
+60.5000E-06,-381.5698447E-03,-15.0753767E-03
+60.7500E-06,-373.5296438E-03,-16.5829144E-03
+61.0000E-06,-357.4492419E-03,-18.0904521E-03
+61.2500E-06,-333.3286392E-03,-18.0904521E-03
+61.5000E-06,-317.2482373E-03,-19.0954772E-03
+61.7500E-06,-301.1678355E-03,-18.0904521E-03
+62.0000E-06,-285.0874336E-03,-20.1005023E-03
+62.2500E-06,-269.0070318E-03,-20.6030149E-03
+62.5000E-06,-256.9467304E-03,-21.1055274E-03
+62.7500E-06,-238.8562784E-03,-20.6030149E-03
+63.0000E-06,-228.8060272E-03,-22.1105525E-03
+63.2500E-06,-216.7457258E-03,-22.1105525E-03
+63.5000E-06,-196.6452235E-03,-21.1055274E-03
+63.7500E-06,-172.5246208E-03,-21.6080400E-03
+64.0000E-06,-156.4442189E-03,-22.1105525E-03
+64.2500E-06,-154.4341687E-03,-23.6180902E-03
+64.5000E-06,-136.3437166E-03,-24.1206028E-03
+64.7500E-06,-116.2432143E-03,-24.1206028E-03
+65.0000E-06,-92.1226116E-03,-24.1206028E-03
+65.2500E-06,-90.1125614E-03,-24.1206028E-03
+65.5000E-06,-72.0221093E-03,-24.1206028E-03
+65.7500E-06,-57.9517577E-03,-24.1206028E-03
+66.0000E-06,-43.8814061E-03,-24.1206028E-03
+66.2500E-06,-27.8010042E-03,-24.1206028E-03
+66.5000E-06,-7.7005019E-03,-24.1206028E-03
+66.7500E-06,+4.3597994E-03,-23.6180902E-03
+67.0000E-06,+20.4402013E-03,-24.1206028E-03
+67.2500E-06,+30.4904524E-03,-22.6130651E-03
+67.5000E-06,+48.5809045E-03,-22.1105525E-03
+67.7500E-06,+62.6512561E-03,-22.1105525E-03
+68.0000E-06,+76.7216077E-03,-22.1105525E-03
+68.2500E-06,+98.8321602E-03,-21.6080400E-03
+68.5000E-06,+112.9025118E-03,-21.1055274E-03
+68.7500E-06,+122.9527630E-03,-20.1005023E-03
+69.0000E-06,+133.0030141E-03,-18.0904521E-03
+69.2500E-06,+157.1236169E-03,-17.5879395E-03
+69.5000E-06,+173.2040187E-03,-17.0854270E-03
+69.7500E-06,+181.2442197E-03,-16.0804018E-03
+70.0000E-06,+197.3246215E-03,-16.0804018E-03
+70.2500E-06,+207.3748726E-03,-17.0854270E-03
+70.5000E-06,+229.4854252E-03,-15.0753767E-03
+70.7500E-06,+237.5256261E-03,-15.5778893E-03
+71.0000E-06,+261.6462288E-03,-12.0603014E-03
+71.2500E-06,+269.6864298E-03,-11.5577888E-03
+71.5000E-06,+293.8070325E-03,-10.0502511E-03
+71.7500E-06,+303.8572837E-03,-12.0603014E-03
+72.0000E-06,+309.8874344E-03,-8.0402009E-03
+72.2500E-06,+327.9778864E-03,-8.0402009E-03
+72.5000E-06,+342.0482380E-03,-8.0402009E-03
+72.7500E-06,+358.1286399E-03,-6.0301507E-03
+73.0000E-06,+366.1688408E-03,-4.0201005E-03
+73.2500E-06,+384.2592929E-03,-3.5175879E-03
+73.5000E-06,+398.3296445E-03,-3.0150753E-03
+73.7500E-06,+414.4100463E-03,-502.5126E-06
+74.0000E-06,+438.5306491E-03,+2.0100502E-03
+74.2500E-06,+452.6010007E-03,+1.5075377E-03
+74.5000E-06,+462.6512518E-03,+2.0100502E-03
+74.7500E-06,+478.7316537E-03,+4.0201005E-03
+75.0000E-06,+486.7718546E-03,+6.0301507E-03
+75.2500E-06,+496.8221057E-03,+6.0301507E-03
+75.5000E-06,+470.6914527E-03,+8.0402009E-03
+75.7500E-06,+468.6814025E-03,+8.5427135E-03
+76.0000E-06,+438.5306491E-03,+10.0502511E-03
+76.2500E-06,+430.4904481E-03,+11.5577888E-03
+76.5000E-06,+414.4100463E-03,+10.0502511E-03
+76.7500E-06,+404.3597952E-03,+12.0603014E-03
+77.0000E-06,+382.2492426E-03,+12.0603014E-03
+77.2500E-06,+368.1788910E-03,+12.0603014E-03
+77.5000E-06,+350.0884390E-03,+15.0753767E-03
+77.7500E-06,+348.0783887E-03,+16.0804018E-03
+78.0000E-06,+317.9276353E-03,+16.0804018E-03
+78.2500E-06,+317.9276353E-03,+16.0804018E-03
+78.5000E-06,+297.8271330E-03,+16.0804018E-03
+78.7500E-06,+271.6964800E-03,+18.0904521E-03
+79.0000E-06,+261.6462288E-03,+18.0904521E-03
+79.2500E-06,+245.5658270E-03,+18.5929646E-03
+79.5000E-06,+233.5055256E-03,+20.1005023E-03
+79.7500E-06,+213.4050233E-03,+18.5929646E-03
+80.0000E-06,+197.3246215E-03,+20.1005023E-03
+80.2500E-06,+181.2442197E-03,+20.1005023E-03
+80.5000E-06,+169.1839183E-03,+21.1055274E-03
+80.7500E-06,+151.0934662E-03,+19.5979897E-03
+81.0000E-06,+133.0030141E-03,+22.1105525E-03
+81.2500E-06,+118.9326625E-03,+22.1105525E-03
+81.5000E-06,+108.8824114E-03,+21.1055274E-03
+81.7500E-06,+92.8020095E-03,+20.1005023E-03
+82.0000E-06,+76.7216077E-03,+22.1105525E-03
+82.2500E-06,+60.6412059E-03,+23.6180902E-03
+82.5000E-06,+40.5407036E-03,+22.1105525E-03
+82.7500E-06,+30.4904524E-03,+20.6030149E-03
+83.0000E-06,+12.4000004E-03,+18.0904521E-03
+83.2500E-06,-5.6904517E-03,+22.1105525E-03
+83.5000E-06,-15.7407029E-03,+20.1005023E-03
+83.7500E-06,-27.8010042E-03,+18.5929646E-03
+84.0000E-06,-43.8814061E-03,+20.1005023E-03
+84.2500E-06,-51.9216070E-03,+18.0904521E-03
+84.5000E-06,-72.0221093E-03,+21.1055274E-03
+84.7500E-06,-84.0824107E-03,+20.1005023E-03
+85.0000E-06,-100.1628125E-03,+18.0904521E-03
+85.2500E-06,-118.2532646E-03,+18.0904521E-03
+85.5000E-06,-140.3638171E-03,+19.0954772E-03
+85.7500E-06,-148.4040180E-03,+18.0904521E-03
+86.0000E-06,-164.4844199E-03,+16.0804018E-03
+86.2500E-06,-180.5648217E-03,+15.5778893E-03
+86.5000E-06,-196.6452235E-03,+14.0703516E-03
+86.7500E-06,-206.6954747E-03,+14.0703516E-03
+87.0000E-06,-228.8060272E-03,+14.0703516E-03
+87.2500E-06,-236.8462281E-03,+12.0603014E-03
+87.5000E-06,-256.9467304E-03,+13.0653265E-03
+87.7500E-06,-269.0070318E-03,+9.5477386E-03
+88.0000E-06,-285.0874336E-03,+10.0502511E-03
+88.2500E-06,-301.1678355E-03,+8.5427135E-03
+88.5000E-06,-313.2281369E-03,+8.0402009E-03
+88.7500E-06,-327.2984885E-03,+7.0351758E-03
+89.0000E-06,-341.3688401E-03,+8.0402009E-03
+89.2500E-06,-357.4492419E-03,+4.0201005E-03
+89.5000E-06,-373.5296438E-03,+5.0251256E-03
+89.7500E-06,-383.5798949E-03,+2.0100502E-03
+90.0000E-06,-405.6904474E-03,+4.0201005E-03
+90.2500E-06,-413.7306483E-03,+0.0E+00
+90.5000E-06,-433.8311506E-03,-1.0050251E-03
+90.7500E-06,-445.8914520E-03,-2.5125628E-03
+91.0000E-06,-461.9718539E-03,-6.0301507E-03
+91.2500E-06,-478.0522557E-03,-5.5276381E-03
+91.5000E-06,-490.1125571E-03,-5.0251256E-03
+91.7500E-06,-504.1829087E-03,-7.5376884E-03
+92.0000E-06,-502.1728585E-03,-6.0301507E-03
+92.2500E-06,-484.0824064E-03,-8.5427135E-03
+92.5000E-06,-470.0120548E-03,-9.0452260E-03
+92.7500E-06,-447.9015022E-03,-12.0603014E-03
+93.0000E-06,-437.8512511E-03,-12.0603014E-03
+93.2500E-06,-413.7306483E-03,-13.5678390E-03
+93.5000E-06,-405.6904474E-03,-15.0753767E-03
+93.7500E-06,-389.6100456E-03,-14.0703516E-03
+94.0000E-06,-373.5296438E-03,-16.0804018E-03
+94.2500E-06,-355.4391917E-03,-16.0804018E-03
+94.5000E-06,-341.3688401E-03,-18.0904521E-03
+94.7500E-06,-325.2884382E-03,-18.0904521E-03
+95.0000E-06,-309.2080364E-03,-20.1005023E-03
+95.2500E-06,-293.1276346E-03,-20.1005023E-03
+95.5000E-06,-277.0472327E-03,-21.1055274E-03
+95.7500E-06,-254.9366802E-03,-21.6080400E-03
+96.0000E-06,-244.8864291E-03,-24.1206028E-03
+96.2500E-06,-228.8060272E-03,-20.6030149E-03
+96.5000E-06,-216.7457258E-03,-22.1105525E-03
+96.7500E-06,-202.6753742E-03,-22.1105525E-03
+97.0000E-06,-188.6050226E-03,-24.1206028E-03
+97.2500E-06,-170.5145705E-03,-24.1206028E-03
+97.5000E-06,-156.4442189E-03,-23.1155776E-03
+97.7500E-06,-138.3537669E-03,-24.1206028E-03
+98.0000E-06,-124.2834153E-03,-22.1105525E-03
+98.2500E-06,-108.2030134E-03,-24.1206028E-03
+98.5000E-06,-88.1025111E-03,-24.1206028E-03
+98.7500E-06,-82.0723604E-03,-24.1206028E-03
+99.0000E-06,-59.9618079E-03,-22.1105525E-03
+99.2500E-06,-49.9115568E-03,-24.1206028E-03
+99.5000E-06,-31.8211047E-03,-25.1256279E-03
+99.7500E-06,-19.7608033E-03,-26.1306530E-03
+100.0000E-06,-3.6804015E-03,-22.1105525E-03
+100.2500E-06,+4.3597994E-03,-22.1105525E-03
+100.5000E-06,+32.5005027E-03,-22.1105525E-03
+100.7500E-06,+38.5306533E-03,-22.1105525E-03
+101.0000E-06,+52.6010050E-03,-22.1105525E-03
+101.2500E-06,+76.7216077E-03,-18.5929646E-03
+101.5000E-06,+80.7417082E-03,-22.1105525E-03
+101.7500E-06,+106.8723612E-03,-19.5979897E-03
+102.0000E-06,+108.8824114E-03,-22.1105525E-03
+102.2500E-06,+135.0130644E-03,-20.1005023E-03
+102.5000E-06,+153.1035164E-03,-17.0854270E-03
+102.7500E-06,+171.1939685E-03,-18.0904521E-03
+103.0000E-06,+173.2040187E-03,-16.0804018E-03
+103.2500E-06,+197.3246215E-03,-16.0804018E-03
+103.5000E-06,+205.3648224E-03,-15.0753767E-03
+103.7500E-06,+221.4452242E-03,-14.0703516E-03
+104.0000E-06,+237.5256261E-03,-14.0703516E-03
+104.2500E-06,+261.6462288E-03,-12.5628139E-03
+104.5000E-06,+269.6864298E-03,-14.0703516E-03
+104.7500E-06,+283.7567814E-03,-12.0603014E-03
+105.0000E-06,+293.8070325E-03,-10.0502511E-03
+105.2500E-06,+303.8572837E-03,-10.0502511E-03
+105.5000E-06,+321.9477357E-03,-9.0452260E-03
+105.7500E-06,+336.0180873E-03,-7.5376884E-03
+106.0000E-06,+358.1286399E-03,-6.0301507E-03
+106.2500E-06,+374.2090417E-03,-5.5276381E-03
+106.5000E-06,+386.2693431E-03,-5.0251256E-03
+106.7500E-06,+404.3597952E-03,-2.0100502E-03
+107.0000E-06,+414.4100463E-03,-4.0201005E-03
+107.2500E-06,+424.4602975E-03,+502.5126E-06
+107.5000E-06,+446.5708500E-03,+1.0050251E-03
+107.7500E-06,+448.5809002E-03,+2.0100502E-03
+108.0000E-06,+470.6914527E-03,+2.0100502E-03
+108.2500E-06,+482.7517541E-03,+5.5276381E-03
+108.5000E-06,+494.8120555E-03,+6.0301507E-03
+108.7500E-06,+478.7316537E-03,+7.5376884E-03
+109.0000E-06,+470.6914527E-03,+8.0402009E-03
+109.2500E-06,+452.6010007E-03,+8.0402009E-03
+109.5000E-06,+434.5105486E-03,+11.0552763E-03
+109.7500E-06,+422.4502472E-03,+12.0603014E-03
+110.0000E-06,+406.3698454E-03,+10.0502511E-03
+110.2500E-06,+390.2894435E-03,+12.0603014E-03
+110.5000E-06,+374.2090417E-03,+12.0603014E-03
+110.7500E-06,+358.1286399E-03,+14.0703516E-03
+111.0000E-06,+342.0482380E-03,+16.0804018E-03
+111.2500E-06,+334.0080371E-03,+17.0854270E-03
+111.5000E-06,+309.8874344E-03,+16.0804018E-03
+111.7500E-06,+295.8170827E-03,+16.5829144E-03
+112.0000E-06,+285.7668316E-03,+20.1005023E-03
+112.2500E-06,+263.6562791E-03,+18.5929646E-03
+112.5000E-06,+249.5859275E-03,+20.1005023E-03
+112.7500E-06,+237.5256261E-03,+18.0904521E-03
+113.0000E-06,+221.4452242E-03,+18.0904521E-03
+113.2500E-06,+205.3648224E-03,+18.5929646E-03
+113.5000E-06,+185.2643201E-03,+21.1055274E-03
+113.7500E-06,+179.2341694E-03,+19.5979897E-03
+114.0000E-06,+157.1236169E-03,+20.1005023E-03
+114.2500E-06,+147.0733657E-03,+20.6030149E-03
+114.5000E-06,+124.9628132E-03,+22.1105525E-03
+114.7500E-06,+116.9226123E-03,+20.1005023E-03
+115.0000E-06,+92.8020095E-03,+20.1005023E-03
+115.2500E-06,+84.7618086E-03,+24.1206028E-03
+115.5000E-06,+68.6814068E-03,+22.1105525E-03
+115.7500E-06,+52.6010050E-03,+22.1105525E-03
+116.0000E-06,+36.5206031E-03,+22.1105525E-03
+116.2500E-06,+14.4100506E-03,+20.1005023E-03
+116.5000E-06,+4.3597994E-03,+19.0954772E-03
+116.7500E-06,-17.7507531E-03,+23.1155776E-03
+117.0000E-06,-19.7608033E-03,+20.1005023E-03
+117.2500E-06,-35.8412052E-03,+20.6030149E-03
+117.5000E-06,-51.9216070E-03,+20.1005023E-03
+117.7500E-06,-61.9718581E-03,+20.1005023E-03
+118.0000E-06,-84.0824107E-03,+18.0904521E-03
+118.2500E-06,-100.1628125E-03,+16.5829144E-03
+118.5000E-06,-108.2030134E-03,+19.0954772E-03
+118.7500E-06,-132.3236162E-03,+19.5979897E-03
+119.0000E-06,-148.4040180E-03,+18.0904521E-03
+119.2500E-06,-162.4743696E-03,+17.5879395E-03
+119.5000E-06,-172.5246208E-03,+16.0804018E-03
+119.7500E-06,-188.6050226E-03,+16.0804018E-03
+120.0000E-06,-204.6854245E-03,+14.0703516E-03
+120.2500E-06,-220.7658263E-03,+14.0703516E-03
+120.5000E-06,-228.8060272E-03,+12.0603014E-03
+120.7500E-06,-252.9266300E-03,+10.5527637E-03
+121.0000E-06,-260.9668309E-03,+10.0502511E-03
+121.2500E-06,-283.0773834E-03,+10.0502511E-03
+121.5000E-06,-297.1477350E-03,+9.0452260E-03
+121.7500E-06,-301.1678355E-03,+8.0402009E-03
+122.0000E-06,-317.2482373E-03,+8.0402009E-03
+122.2500E-06,-341.3688401E-03,+5.5276381E-03
+122.5000E-06,-353.4291415E-03,+6.0301507E-03
+122.7500E-06,-371.5195935E-03,+4.0201005E-03
+123.0000E-06,-381.5698447E-03,+2.0100502E-03
+123.2500E-06,-403.6803972E-03,+2.0100502E-03
+123.5000E-06,-413.7306483E-03,+0.0E+00
+123.7500E-06,-429.8110502E-03,-502.5126E-06
+124.0000E-06,-429.8110502E-03,-4.0201005E-03
+124.2500E-06,-453.9316529E-03,-4.0201005E-03
+124.5000E-06,-474.0321552E-03,-5.0251256E-03
+124.7500E-06,-486.0924566E-03,-6.0301507E-03
+125.0000E-06,-502.1728585E-03,-8.0402009E-03
+125.2500E-06,-502.1728585E-03,-8.0402009E-03
+125.5000E-06,-482.0723562E-03,-9.0452260E-03
+125.7500E-06,-476.0422055E-03,-11.5577888E-03
+126.0000E-06,-453.9316529E-03,-10.0502511E-03
+126.2500E-06,-435.8412009E-03,-12.0603014E-03
+126.5000E-06,-421.7708493E-03,-13.0653265E-03
+126.7500E-06,-403.6803972E-03,-14.0703516E-03
+127.0000E-06,-389.6100456E-03,-14.0703516E-03
+127.2500E-06,-379.5597944E-03,-16.0804018E-03
+127.5000E-06,-357.4492419E-03,-17.0854270E-03
+127.7500E-06,-347.3989908E-03,-18.0904521E-03
+128.0000E-06,-325.2884382E-03,-18.0904521E-03
+128.2500E-06,-315.2381871E-03,-18.0904521E-03
+128.5000E-06,-293.1276346E-03,-19.0954772E-03
+128.7500E-06,-283.0773834E-03,-20.1005023E-03
+129.0000E-06,-260.9668309E-03,-20.1005023E-03
+129.2500E-06,-246.8964793E-03,-22.1105525E-03
+129.5000E-06,-232.8261277E-03,-21.1055274E-03
+129.7500E-06,-220.7658263E-03,-20.6030149E-03
+130.0000E-06,-204.6854245E-03,-20.1005023E-03
+130.2500E-06,-194.6351733E-03,-22.1105525E-03
+130.5000E-06,-172.5246208E-03,-22.1105525E-03
+130.7500E-06,-164.4844199E-03,-22.6130651E-03
+131.0000E-06,-148.4040180E-03,-24.1206028E-03
+131.2500E-06,-130.3135659E-03,-23.6180902E-03
+131.5000E-06,-116.2432143E-03,-24.1206028E-03
+131.7500E-06,-100.1628125E-03,-24.1206028E-03
+132.0000E-06,-84.0824107E-03,-24.1206028E-03
+132.2500E-06,-61.9718581E-03,-24.1206028E-03
+132.5000E-06,-51.9216070E-03,-23.1155776E-03
+132.7500E-06,-39.8613056E-03,-24.1206028E-03
+133.0000E-06,-27.8010042E-03,-24.1206028E-03
+133.2500E-06,-11.7206024E-03,-20.6030149E-03
+133.5000E-06,+4.3597994E-03,-22.1105525E-03
+133.7500E-06,+22.4502515E-03,-23.6180902E-03
+134.0000E-06,+36.5206031E-03,-24.1206028E-03
+134.2500E-06,+52.6010050E-03,-22.6130651E-03
+134.5000E-06,+68.6814068E-03,-22.1105525E-03
+134.7500E-06,+88.7819091E-03,-20.1005023E-03
+135.0000E-06,+92.8020096E-03,-20.1005023E-03
+135.2500E-06,+110.8924616E-03,-19.0954772E-03
+135.5000E-06,+128.9829137E-03,-20.1005023E-03
+135.7500E-06,+147.0733658E-03,-19.5979897E-03
+136.0000E-06,+149.0834160E-03,-18.0904521E-03
+136.2500E-06,+173.2040187E-03,-17.5879395E-03
+136.5000E-06,+185.2643201E-03,-15.0753767E-03
+136.7500E-06,+205.3648224E-03,-16.0804018E-03
+137.0000E-06,+213.4050233E-03,-14.0703516E-03
+137.2500E-06,+237.5256261E-03,-15.5778893E-03
+137.5000E-06,+245.5658270E-03,-14.0703516E-03
+137.7500E-06,+263.6562791E-03,-11.0552763E-03
+138.0000E-06,+277.7266307E-03,-12.0603014E-03
+138.2500E-06,+295.8170828E-03,-10.5527637E-03
+138.5000E-06,+305.8673339E-03,-8.0402009E-03
+138.7500E-06,+319.9376855E-03,-10.0502511E-03
+139.0000E-06,+325.9678362E-03,-10.0502511E-03
+139.2500E-06,+350.0884390E-03,-6.0301507E-03
+139.5000E-06,+366.1688408E-03,-5.0251256E-03
+139.7500E-06,+382.2492426E-03,-7.5376884E-03
+140.0000E-06,+398.3296445E-03,-4.0201005E-03
+140.2500E-06,+412.3999961E-03,-2.0100502E-03
+140.5000E-06,+422.4502472E-03,-1.0050251E-03
+140.7500E-06,+436.5205988E-03,+502.5126E-06
+141.0000E-06,+454.6110509E-03,+0.0E+00
+141.2500E-06,+470.6914527E-03,+4.0201005E-03
+141.5000E-06,+482.7517541E-03,+5.0251256E-03
+141.7500E-06,+494.8120555E-03,+6.0301507E-03
+142.0000E-06,+486.7718546E-03,+8.0402009E-03
+142.2500E-06,+478.7316537E-03,+6.0301507E-03
+142.5000E-06,+458.6311514E-03,+8.0402009E-03
+142.7500E-06,+446.5708500E-03,+10.5527637E-03
+143.0000E-06,+422.4502472E-03,+10.0502511E-03
+143.2500E-06,+412.3999961E-03,+12.0603014E-03
+143.5000E-06,+394.3095440E-03,+13.0653265E-03
+143.7500E-06,+380.2391924E-03,+13.5678391E-03
+144.0000E-06,+366.1688408E-03,+16.0804018E-03
+144.2500E-06,+350.0884390E-03,+15.5778893E-03
+144.5000E-06,+334.0080371E-03,+15.0753767E-03
+144.7500E-06,+315.9175851E-03,+16.0804018E-03
+145.0000E-06,+309.8874343E-03,+16.0804018E-03
+145.2500E-06,+291.7969823E-03,+18.0904521E-03
+145.5000E-06,+273.7065302E-03,+19.0954772E-03
+145.7500E-06,+253.6060279E-03,+16.5829144E-03
+146.0000E-06,+237.5256261E-03,+20.1005023E-03
+146.2500E-06,+223.4552745E-03,+18.0904521E-03
+146.5000E-06,+209.3849229E-03,+20.1005023E-03
+146.7500E-06,+189.2844206E-03,+18.5929646E-03
+147.0000E-06,+181.2442196E-03,+18.0904521E-03
+147.2500E-06,+163.1537676E-03,+20.1005023E-03
+147.5000E-06,+141.0432151E-03,+20.1005023E-03
+147.7500E-06,+133.0030141E-03,+22.1105525E-03
+148.0000E-06,+108.8824114E-03,+20.1005023E-03
+148.2500E-06,+108.8824114E-03,+22.1105525E-03
+148.5000E-06,+84.7618086E-03,+21.1055274E-03
+148.7500E-06,+70.6914570E-03,+22.6130651E-03
+149.0000E-06,+60.6412059E-03,+20.1005023E-03
+149.2500E-06,+36.5206031E-03,+23.1155776E-03
+149.5000E-06,+24.4603017E-03,+21.1055274E-03
+149.7500E-06,+10.3899501E-03,+21.6080400E-03
+150.0000E-06,-11.7206024E-03,+20.1005023E-03
+150.2500E-06,-19.7608033E-03,+18.5929646E-03
+150.5000E-06,-31.8211047E-03,+20.1005023E-03
+150.7500E-06,-43.8814061E-03,+20.6030149E-03
+151.0000E-06,-59.9618079E-03,+20.1005023E-03
+151.2500E-06,-78.0522600E-03,+18.5929646E-03
+151.5000E-06,-92.1226116E-03,+19.0954772E-03
+151.7500E-06,-114.2331641E-03,+19.0954772E-03
+152.0000E-06,-124.2834153E-03,+18.0904521E-03
+152.2500E-06,-140.3638171E-03,+18.0904521E-03
+152.5000E-06,-152.4241185E-03,+18.0904521E-03
+152.7500E-06,-166.4944701E-03,+16.0804018E-03
+153.0000E-06,-180.5648217E-03,+16.0804018E-03
+153.2500E-06,-196.6452235E-03,+14.0703516E-03
+153.5000E-06,-208.7055249E-03,+13.0653265E-03
+153.7500E-06,-228.8060272E-03,+13.5678391E-03
+154.0000E-06,-244.8864290E-03,+12.0603014E-03
+154.2500E-06,-252.9266300E-03,+12.0603014E-03
+154.5000E-06,-269.0070318E-03,+10.0502511E-03
+154.7500E-06,-293.1276346E-03,+10.0502511E-03
+155.0000E-06,-301.1678355E-03,+8.0402009E-03
+155.2500E-06,-317.2482373E-03,+8.0402009E-03
+155.5000E-06,-337.3487396E-03,+7.0351758E-03
+155.7500E-06,-347.3989908E-03,+6.0301507E-03
+156.0000E-06,-357.4492419E-03,+4.0201005E-03
+156.2500E-06,-373.5296438E-03,+4.0201005E-03
+156.5000E-06,-389.6100456E-03,+3.0150753E-03
+156.7500E-06,-405.6904474E-03,+502.5126E-06
+157.0000E-06,-429.8110502E-03,+0.0E+00
+157.2500E-06,-437.8512511E-03,-1.0050251E-03
+157.5000E-06,-449.9115525E-03,-3.0150753E-03
+157.7500E-06,-461.9718539E-03,-4.0201005E-03
+158.0000E-06,-478.0522557E-03,-4.0201005E-03
+158.2500E-06,-488.1025069E-03,-8.5427135E-03
+158.5000E-06,-510.2130594E-03,-8.0402009E-03
+158.7500E-06,-494.1326575E-03,-8.0402009E-03
+159.0000E-06,-478.0522557E-03,-10.0502511E-03
+159.2500E-06,-461.9718539E-03,-11.5577888E-03
+159.5000E-06,-449.9115525E-03,-12.0603014E-03
+159.7500E-06,-425.7909497E-03,-13.5678391E-03
+160.0000E-06,-405.6904474E-03,-12.0603014E-03
+160.2500E-06,-399.6602967E-03,-12.5628139E-03
+160.5000E-06,-377.5497442E-03,-16.0804018E-03
+160.7500E-06,-367.4994931E-03,-16.5829144E-03
+161.0000E-06,-349.4090410E-03,-20.1005023E-03
+161.2500E-06,-333.3286392E-03,-18.0904521E-03
+161.5000E-06,-317.2482373E-03,-19.0954772E-03
+161.7500E-06,-303.1778857E-03,-20.1005023E-03
+162.0000E-06,-293.1276346E-03,-18.0904521E-03
+162.2500E-06,-271.0170820E-03,-19.5979897E-03
+162.5000E-06,-252.9266300E-03,-22.1105525E-03
+162.7500E-06,-238.8562784E-03,-22.6130651E-03
+163.0000E-06,-220.7658263E-03,-20.1005023E-03
+163.2500E-06,-210.7155751E-03,-23.6180902E-03
+163.5000E-06,-196.6452235E-03,-22.1105525E-03
+163.7500E-06,-178.5547715E-03,-23.6180902E-03
+164.0000E-06,-164.4844199E-03,-22.1105525E-03
+164.2500E-06,-148.4040180E-03,-23.6180902E-03
+164.5000E-06,-132.3236162E-03,-25.1256279E-03
+164.7500E-06,-122.2733650E-03,-24.1206028E-03
+165.0000E-06,-100.1628125E-03,-24.1206028E-03
+165.2500E-06,-90.1125614E-03,-24.1206028E-03
+165.5000E-06,-72.0221093E-03,-24.1206028E-03
+165.7500E-06,-51.9216070E-03,-23.6180902E-03
+166.0000E-06,-43.8814061E-03,-24.1206028E-03
+166.2500E-06,-25.7909540E-03,-22.6130651E-03
+166.5000E-06,-15.7407029E-03,-24.1206028E-03
+166.7500E-06,+2.3497492E-03,-24.1206028E-03
+167.0000E-06,+12.4000004E-03,-24.1206028E-03
+167.2500E-06,+34.5105529E-03,-24.1206028E-03
+167.5000E-06,+48.5809045E-03,-22.1105525E-03
+167.7500E-06,+68.6814068E-03,-22.1105525E-03
+168.0000E-06,+84.7618086E-03,-22.1105525E-03
+168.2500E-06,+92.8020095E-03,-21.6080400E-03
+168.5000E-06,+108.8824114E-03,-18.0904521E-03
+168.7500E-06,+124.9628132E-03,-20.6030149E-03
+169.0000E-06,+133.0030141E-03,-20.1005023E-03
+169.2500E-06,+149.0834160E-03,-19.5979897E-03
+169.5000E-06,+169.1839183E-03,-18.0904521E-03
+169.7500E-06,+181.2442197E-03,-16.5829144E-03
+170.0000E-06,+205.3648224E-03,-14.0703516E-03
+170.2500E-06,+219.4351740E-03,-14.0703516E-03
+170.5000E-06,+225.4653247E-03,-15.0753767E-03
+170.7500E-06,+245.5658270E-03,-13.5678391E-03
+171.0000E-06,+261.6462288E-03,-10.0502512E-03
+171.2500E-06,+269.6864298E-03,-12.0603014E-03
+171.5000E-06,+289.7869321E-03,-11.0552763E-03
+171.7500E-06,+299.8371832E-03,-8.5427135E-03
+172.0000E-06,+317.9276353E-03,-8.0402009E-03
+172.2500E-06,+327.9778864E-03,-8.0402009E-03
+172.5000E-06,+350.0884390E-03,-8.0402009E-03
+172.7500E-06,+358.1286399E-03,-6.0301507E-03
+173.0000E-06,+374.2090417E-03,-6.0301507E-03
+173.2500E-06,+390.2894435E-03,-5.5276381E-03
+173.5000E-06,+402.3497449E-03,-3.0150753E-03
+173.7500E-06,+414.4100463E-03,-1.5075377E-03
+174.0000E-06,+430.4904481E-03,+0.0E+00
+174.2500E-06,+446.5708500E-03,+3.5175879E-03
+174.5000E-06,+462.6512518E-03,+3.0150753E-03
+174.7500E-06,+470.6914527E-03,+4.5226130E-03
+175.0000E-06,+486.7718546E-03,+6.0301507E-03
+175.2500E-06,+494.8120555E-03,+5.5276381E-03
+175.5000E-06,+474.7115532E-03,+5.0251256E-03
+175.7500E-06,+462.6512518E-03,+7.5376884E-03
+176.0000E-06,+446.5708500E-03,+10.0502512E-03
+176.2500E-06,+438.5306491E-03,+10.5527637E-03
+176.5000E-06,+418.4301468E-03,+11.0552763E-03
+176.7500E-06,+406.3698454E-03,+12.0603014E-03
+177.0000E-06,+390.2894435E-03,+12.0603014E-03
+177.2500E-06,+372.1989915E-03,+12.0603014E-03
+177.5000E-06,+358.1286399E-03,+14.0703516E-03
+177.7500E-06,+342.0482380E-03,+15.5778893E-03
+178.0000E-06,+325.9678362E-03,+18.0904521E-03
+178.2500E-06,+309.8874344E-03,+17.5879395E-03
+178.5000E-06,+293.8070325E-03,+17.0854270E-03
+178.7500E-06,+279.7366809E-03,+18.0904521E-03
+179.0000E-06,+261.6462288E-03,+20.1005023E-03
+179.2500E-06,+245.5658270E-03,+19.5979897E-03
+179.5000E-06,+229.4854252E-03,+20.1005023E-03
+179.7500E-06,+215.4150736E-03,+20.1005023E-03
+180.0000E-06,+197.3246215E-03,+20.1005023E-03
+180.2500E-06,+181.2442197E-03,+19.5979897E-03
+180.5000E-06,+169.1839183E-03,+22.1105525E-03
+180.7500E-06,+157.1236169E-03,+21.6080400E-03
+181.0000E-06,+133.0030141E-03,+20.1005023E-03
+181.2500E-06,+122.9527630E-03,+22.1105525E-03
+181.5000E-06,+104.8623109E-03,+23.1155776E-03
+181.7500E-06,+88.7819091E-03,+21.6080400E-03
+182.0000E-06,+84.7618086E-03,+22.1105525E-03
+182.2500E-06,+60.6412059E-03,+20.6030149E-03
+182.5000E-06,+44.5608040E-03,+21.1055274E-03
+182.7500E-06,+36.5206031E-03,+20.6030149E-03
+183.0000E-06,+20.4402013E-03,+24.1206028E-03
+183.2500E-06,+4.3597994E-03,+21.6080400E-03
+183.5000E-06,-15.7407029E-03,+21.1055274E-03
+183.7500E-06,-27.8010042E-03,+21.6080400E-03
+184.0000E-06,-43.8814061E-03,+24.1206028E-03
+184.2500E-06,-53.9316572E-03,+18.5929646E-03
+184.5000E-06,-76.0422098E-03,+20.1005023E-03
+184.7500E-06,-90.1125614E-03,+18.0904521E-03
+185.0000E-06,-100.1628125E-03,+18.0904521E-03
+185.2500E-06,-126.2934655E-03,+16.5829144E-03
+185.5000E-06,-140.3638171E-03,+17.0854270E-03
+185.7500E-06,-148.4040180E-03,+16.5829144E-03
+186.0000E-06,-156.4442189E-03,+16.0804018E-03
+186.2500E-06,-186.5949724E-03,+14.5728642E-03
+186.5000E-06,-192.6251231E-03,+15.0753767E-03
+186.7500E-06,-206.6954747E-03,+12.0603014E-03
+187.0000E-06,-220.7658263E-03,+12.0603014E-03
+187.2500E-06,-234.8361779E-03,+15.0753767E-03
+187.5000E-06,-248.9065295E-03,+13.0653265E-03
+187.7500E-06,-262.9768811E-03,+12.5628139E-03
+188.0000E-06,-277.0472327E-03,+12.0603014E-03
+188.2500E-06,-301.1678355E-03,+8.0402009E-03
+188.5000E-06,-313.2281369E-03,+7.0351758E-03
+188.7500E-06,-319.2582875E-03,+8.0402009E-03
+189.0000E-06,-341.3688401E-03,+6.0301507E-03
+189.2500E-06,-357.4492419E-03,+4.0201005E-03
+189.5000E-06,-369.5095433E-03,+4.0201005E-03
+189.7500E-06,-383.5798949E-03,+3.5175879E-03
+190.0000E-06,-397.6502465E-03,+2.0100502E-03
+190.2500E-06,-407.7004977E-03,+1.0050251E-03
+190.5000E-06,-437.8512511E-03,+0.0E+00
+190.7500E-06,-445.8914520E-03,-2.0100502E-03
+191.0000E-06,-453.9316529E-03,-2.0100502E-03
+191.2500E-06,-476.0422055E-03,-4.0201005E-03
+191.5000E-06,-490.1125571E-03,-5.0251256E-03
+191.7500E-06,-502.1728585E-03,-8.0402009E-03
+192.0000E-06,-502.1728585E-03,-8.0402009E-03
+192.2500E-06,-484.0824064E-03,-10.0502511E-03
+192.5000E-06,-465.9919543E-03,-9.0452260E-03
+192.7500E-06,-451.9216027E-03,-10.5527637E-03
+193.0000E-06,-437.8512511E-03,-14.0703516E-03
+193.2500E-06,-419.7607990E-03,-14.0703516E-03
+193.5000E-06,-401.6703470E-03,-12.0603014E-03
+193.7500E-06,-383.5798949E-03,-12.5628139E-03
+194.0000E-06,-365.4894428E-03,-18.0904521E-03
+194.2500E-06,-357.4492419E-03,-18.0904521E-03
+194.5000E-06,-341.3688401E-03,-18.0904521E-03
+194.7500E-06,-317.2482373E-03,-18.5929646E-03
+195.0000E-06,-317.2482373E-03,-20.1005023E-03
+195.2500E-06,-291.1175843E-03,-19.5979897E-03
+195.5000E-06,-277.0472327E-03,-21.1055274E-03
+195.7500E-06,-260.9668309E-03,-22.1105525E-03
+196.0000E-06,-252.9266300E-03,-20.1005023E-03
+196.2500E-06,-228.8060272E-03,-22.1105525E-03
+196.5000E-06,-212.7256254E-03,-21.1055274E-03
+196.7500E-06,-196.6452235E-03,-22.1105525E-03
+197.0000E-06,-180.5648217E-03,-22.1105525E-03
+197.2500E-06,-162.4743696E-03,-21.6080400E-03
+197.5000E-06,-152.4241185E-03,-22.1105525E-03
+197.7500E-06,-134.3336664E-03,-25.6281404E-03
+198.0000E-06,-124.2834153E-03,-24.1206028E-03
+198.2500E-06,-104.1829130E-03,-22.1105525E-03
+198.5000E-06,-92.1226116E-03,-22.1105525E-03
+198.7500E-06,-76.0422098E-03,-22.6130651E-03
+199.0000E-06,-51.9216070E-03,-22.1105525E-03
+199.2500E-06,-43.8814061E-03,-24.1206028E-03
+199.5000E-06,-23.7809038E-03,-24.1206028E-03
+199.7500E-06,-13.7306526E-03,-24.1206028E-03
+200.0000E-06,-3.6804015E-03,-24.1206028E-03
+200.2500E-06,+12.4000004E-03,-22.1105525E-03
+200.5000E-06,+24.4603017E-03,-24.1206028E-03
+200.7500E-06,+44.5608040E-03,-22.1105525E-03
+201.0000E-06,+60.6412059E-03,-22.1105525E-03
+201.2500E-06,+70.6914570E-03,-20.6030149E-03
+201.5000E-06,+92.8020095E-03,-23.1155776E-03
+201.7500E-06,+106.8723612E-03,-18.5929646E-03
+202.0000E-06,+116.9226123E-03,-20.1005023E-03
+202.2500E-06,+133.0030141E-03,-20.6030149E-03
+202.5000E-06,+145.0633155E-03,-19.0954772E-03
+202.7500E-06,+167.1738680E-03,-18.0904521E-03
+203.0000E-06,+173.2040187E-03,-18.0904521E-03
+203.2500E-06,+191.2944708E-03,-16.0804018E-03
+203.5000E-06,+209.3849229E-03,-16.0804018E-03
+203.7500E-06,+221.4452242E-03,-16.5829144E-03
+204.0000E-06,+237.5256261E-03,-14.0703516E-03
+204.2500E-06,+253.6060279E-03,-14.0703516E-03
+204.5000E-06,+269.6864298E-03,-15.0753767E-03
+204.7500E-06,+279.7366809E-03,-10.5527637E-03
+205.0000E-06,+301.8472334E-03,-8.0402009E-03
+205.2500E-06,+309.8874344E-03,-9.0452260E-03
+205.5000E-06,+325.9678362E-03,-8.0402009E-03
+205.7500E-06,+340.0381878E-03,-6.0301507E-03
+206.0000E-06,+358.1286399E-03,-6.0301507E-03
+206.2500E-06,+372.1989915E-03,-4.0201005E-03
+206.5000E-06,+386.2693431E-03,-4.0201005E-03
+206.7500E-06,+396.3195942E-03,-4.0201005E-03
+207.0000E-06,+414.4100463E-03,-2.0100502E-03
+207.2500E-06,+430.4904481E-03,-502.5126E-06
+207.5000E-06,+442.5507495E-03,+1.0050251E-03
+207.7500E-06,+460.6412016E-03,+502.5126E-06
+208.0000E-06,+470.6914527E-03,+6.0301507E-03
+208.2500E-06,+484.7618043E-03,+6.0301507E-03
+208.5000E-06,+498.8321559E-03,+6.0301507E-03
+208.7500E-06,+486.7718546E-03,+5.5276381E-03
+209.0000E-06,+462.6512518E-03,+10.0502511E-03
+209.2500E-06,+446.5708500E-03,+10.0502511E-03
+209.5000E-06,+438.5306491E-03,+10.0502511E-03
+209.7500E-06,+424.4602974E-03,+10.0502511E-03
+210.0000E-06,+406.3698454E-03,+12.0603014E-03
+210.2500E-06,+390.2894435E-03,+12.0603014E-03
+210.5000E-06,+374.2090417E-03,+13.0653265E-03
+210.7500E-06,+358.1286399E-03,+14.5728642E-03
+211.0000E-06,+342.0482380E-03,+16.0804018E-03
+211.2500E-06,+334.0080371E-03,+16.0804018E-03
+211.5000E-06,+313.9075348E-03,+16.0804018E-03
+211.7500E-06,+299.8371832E-03,+18.0904521E-03
+212.0000E-06,+277.7266307E-03,+16.0804018E-03
+212.2500E-06,+275.7165804E-03,+18.5929646E-03
+212.5000E-06,+253.6060279E-03,+19.0954772E-03
+212.7500E-06,+237.5256261E-03,+21.6080400E-03
+213.0000E-06,+221.4452242E-03,+20.1005023E-03
+213.2500E-06,+205.3648224E-03,+21.6080400E-03
+213.5000E-06,+181.2442197E-03,+20.1005023E-03
+213.7500E-06,+179.2341694E-03,+20.1005023E-03
+214.0000E-06,+165.1638178E-03,+20.1005023E-03
+214.2500E-06,+147.0733657E-03,+22.1105525E-03
+214.5000E-06,+124.9628132E-03,+21.1055274E-03
+214.7500E-06,+114.9125621E-03,+22.1105525E-03
+215.0000E-06,+100.8422105E-03,+20.1005023E-03
+215.2500E-06,+68.6814068E-03,+20.6030149E-03
+215.5000E-06,+68.6814068E-03,+22.1105525E-03
+215.7500E-06,+50.5909547E-03,+22.1105525E-03
+216.0000E-06,+28.4804022E-03,+22.1105525E-03
+216.2500E-06,+20.4402013E-03,+20.6030149E-03
+216.5000E-06,+4.3597994E-03,+20.1005023E-03
+216.7500E-06,-11.7206024E-03,+20.1005023E-03
+217.0000E-06,-19.7608033E-03,+20.1005023E-03
+217.2500E-06,-41.8713558E-03,+20.1005023E-03
+217.5000E-06,-47.9015065E-03,+21.1055274E-03
+217.7500E-06,-59.9618079E-03,+21.6080400E-03
+218.0000E-06,-84.0824107E-03,+20.1005023E-03
+218.2500E-06,-94.1326618E-03,+18.0904521E-03
+218.5000E-06,-112.2231139E-03,+18.0904521E-03
+218.7500E-06,-124.2834153E-03,+16.5829144E-03
+219.0000E-06,-148.4040180E-03,+14.0703516E-03
+219.2500E-06,-162.4743696E-03,+15.5778893E-03
+219.5000E-06,-172.5246208E-03,+15.0753767E-03
+219.7500E-06,-186.5949724E-03,+14.0703516E-03
+220.0000E-06,-204.6854245E-03,+14.0703516E-03
+220.2500E-06,-220.7658263E-03,+14.0703516E-03
+220.5000E-06,-232.8261277E-03,+12.0603014E-03
+220.7500E-06,-250.9165797E-03,+12.0603014E-03
+221.0000E-06,-260.9668309E-03,+12.0603014E-03
+221.2500E-06,-279.0572830E-03,+9.5477386E-03
+221.5000E-06,-301.1678355E-03,+9.0452260E-03
+221.7500E-06,-307.1979862E-03,+8.5427135E-03
+222.0000E-06,-317.2482373E-03,+6.0301507E-03
+222.2500E-06,-335.3386894E-03,+6.5326632E-03
+222.5000E-06,-353.4291414E-03,+6.0301507E-03
+222.7500E-06,-365.4894428E-03,+4.0201005E-03
+223.0000E-06,-381.5698447E-03,+2.0100502E-03
+223.2500E-06,-397.6502465E-03,+502.5126E-06
+223.5000E-06,-413.7306483E-03,-1.0050251E-03
+223.7500E-06,-423.7808995E-03,-2.0100502E-03
+224.0000E-06,-437.8512511E-03,-2.0100502E-03
+224.2500E-06,-453.9316529E-03,-4.0201005E-03
+224.5000E-06,-470.0120548E-03,-4.0201005E-03
+224.7500E-06,-492.1226073E-03,-7.5376884E-03
+225.0000E-06,-494.1326575E-03,-8.0402009E-03
+225.2500E-06,-510.2130594E-03,-8.0402009E-03
+225.5000E-06,-486.0924566E-03,-8.0402009E-03
+225.7500E-06,-476.0422055E-03,-10.0502511E-03
+226.0000E-06,-453.9316529E-03,-12.0603014E-03
+226.2500E-06,-439.8613013E-03,-12.0603014E-03
+226.5000E-06,-425.7909497E-03,-12.0603014E-03
+226.7500E-06,-407.7004976E-03,-14.0703516E-03
+227.0000E-06,-397.6502465E-03,-14.0703516E-03
+227.2500E-06,-375.5396940E-03,-17.5879395E-03
+227.5000E-06,-361.4693424E-03,-17.0854270E-03
+227.7500E-06,-347.3989908E-03,-18.0904521E-03
+228.0000E-06,-333.3286392E-03,-18.0904521E-03
+228.2500E-06,-309.2080364E-03,-18.0904521E-03
+228.5000E-06,-301.1678355E-03,-19.0954772E-03
+228.7500E-06,-285.0874336E-03,-18.0904521E-03
+229.0000E-06,-269.0070318E-03,-18.0904521E-03
+229.2500E-06,-246.8964793E-03,-20.6030149E-03
+229.5000E-06,-236.8462281E-03,-23.1155776E-03
+229.7500E-06,-214.7356756E-03,-23.6180902E-03
+230.0000E-06,-212.7256254E-03,-22.1105525E-03
+230.2500E-06,-196.6452235E-03,-24.1206028E-03
+230.5000E-06,-172.5246208E-03,-23.1155776E-03
+230.7500E-06,-162.4743696E-03,-22.1105525E-03
+231.0000E-06,-148.4040180E-03,-22.1105525E-03
+231.2500E-06,-128.3035157E-03,-24.1206028E-03
+231.5000E-06,-116.2432143E-03,-24.1206028E-03
+231.7500E-06,-98.1527623E-03,-24.1206028E-03
+232.0000E-06,-76.0422098E-03,-24.1206028E-03
+232.2500E-06,-68.0020088E-03,-23.6180902E-03
+232.5000E-06,-51.9216070E-03,-23.1155776E-03
+232.7500E-06,-41.8713559E-03,-24.1206028E-03
+233.0000E-06,-19.7608033E-03,-22.1105525E-03
+233.2500E-06,-11.7206024E-03,-22.1105525E-03
+233.5000E-06,+12.4000004E-03,-21.1055274E-03
+233.7500E-06,+20.4402013E-03,-20.1005023E-03
+234.0000E-06,+36.5206031E-03,-22.1105525E-03
+234.2500E-06,+44.5608040E-03,-23.6180902E-03
+234.5000E-06,+72.7015072E-03,-21.1055274E-03
+234.7500E-06,+82.7517584E-03,-20.1005023E-03
+235.0000E-06,+100.8422105E-03,-20.1005023E-03
+235.2500E-06,+114.9125621E-03,-20.1005023E-03
+235.5000E-06,+120.9427128E-03,-20.1005023E-03
+235.7500E-06,+141.0432151E-03,-20.1005023E-03
+236.0000E-06,+157.1236169E-03,-18.0904521E-03
+236.2500E-06,+181.2442197E-03,-17.5879395E-03
+236.5000E-06,+189.2844206E-03,-17.0854270E-03
+236.7500E-06,+199.3346717E-03,-15.5778893E-03
+237.0000E-06,+213.4050233E-03,-16.0804018E-03
+237.2500E-06,+237.5256261E-03,-14.0703516E-03
+237.5000E-06,+253.6060279E-03,-12.0603014E-03
+237.7500E-06,+259.6361786E-03,-11.5577888E-03
+238.0000E-06,+277.7266307E-03,-10.0502511E-03
+238.2500E-06,+293.8070325E-03,-10.5527637E-03
+238.5000E-06,+305.8673339E-03,-11.0552763E-03
+238.7500E-06,+325.9678362E-03,-9.5477386E-03
+239.0000E-06,+334.0080371E-03,-8.0402009E-03
+239.2500E-06,+344.0582883E-03,-7.0351758E-03
+239.5000E-06,+366.1688408E-03,-6.0301507E-03
+239.7500E-06,+382.2492426E-03,-2.5125628E-03
+240.0000E-06,+398.3296445E-03,-2.0100502E-03
+240.2500E-06,+412.3999961E-03,-502.5126E-06
+240.5000E-06,+426.4703477E-03,-1.0050251E-03
+240.7500E-06,+434.5105486E-03,+0.0E+00
+241.0000E-06,+454.6110509E-03,+0.0E+00
+241.2500E-06,+468.6814025E-03,+502.5126E-06
+241.5000E-06,+478.7316537E-03,+4.0201005E-03
+241.7500E-06,+494.8120555E-03,+8.0402009E-03
+242.0000E-06,+494.8120555E-03,+6.0301507E-03
+242.2500E-06,+470.6914527E-03,+8.0402009E-03
+242.5000E-06,+462.6512518E-03,+7.0351758E-03
+242.7500E-06,+438.5306491E-03,+10.0502511E-03
+243.0000E-06,+430.4904481E-03,+10.0502512E-03
+243.2500E-06,+408.3798956E-03,+10.5527637E-03
+243.5000E-06,+398.3296445E-03,+11.0552763E-03
+243.7500E-06,+382.2492426E-03,+15.5778893E-03
+244.0000E-06,+374.2090417E-03,+12.0603014E-03
+244.2500E-06,+350.0884390E-03,+14.0703516E-03
+244.5000E-06,+334.0080371E-03,+16.0804018E-03
+244.7500E-06,+317.9276353E-03,+16.0804018E-03
+245.0000E-06,+309.8874343E-03,+18.0904521E-03
+245.2500E-06,+285.7668316E-03,+18.0904521E-03
+245.5000E-06,+277.7266307E-03,+19.0954772E-03
+245.7500E-06,+253.6060279E-03,+17.0854269E-03
+246.0000E-06,+237.5256261E-03,+18.0904521E-03
+246.2500E-06,+229.4854252E-03,+21.1055274E-03
+246.5000E-06,+209.3849229E-03,+20.1005023E-03
+246.7500E-06,+195.3145713E-03,+20.6030149E-03
+247.0000E-06,+181.2442197E-03,+20.1005023E-03
+247.2500E-06,+159.1336671E-03,+20.1005023E-03
+247.5000E-06,+153.1035164E-03,+19.0954772E-03
+247.7500E-06,+133.0030141E-03,+21.6080400E-03
+248.0000E-06,+116.9226123E-03,+24.1206028E-03
+248.2500E-06,+98.8321602E-03,+20.1005023E-03
+248.5000E-06,+88.7819091E-03,+20.1005023E-03
+248.7500E-06,+70.6914570E-03,+20.6030149E-03
+249.0000E-06,+52.6010050E-03,+20.1005023E-03
+249.2500E-06,+36.5206031E-03,+22.6130651E-03
+249.5000E-06,+24.4603017E-03,+20.1005023E-03
+249.7500E-06,+18.4301511E-03,+23.6180902E-03
