x-axis,1
second,Volt
+9.8714000E-03,-30.3837870E-03
+9.8715000E-03,-28.8756704E-03
+9.8716000E-03,-30.5857376E-03
+9.8717000E-03,-35.4089126E-03
+9.8718000E-03,-27.5695044E-03
+9.8719000E-03,-25.3586614E-03
+9.8720000E-03,-25.3586614E-03
+9.8721000E-03,-27.6712033E-03
+9.8722000E-03,-26.3655197E-03
+9.8723000E-03,-24.6535229E-03
+9.8724000E-03,-29.6767189E-03
+9.8725000E-03,-30.3861991E-03
+9.8726000E-03,-24.4520548E-03
+9.8727000E-03,-37.2201962E-03
+9.8728000E-03,-28.0746220E-03
+9.8729000E-03,-26.5602341E-03
+9.8730000E-03,-29.3774111E-03
+9.8731000E-03,-15.7132762E-03
+9.8732000E-03,-21.2358008E-03
+9.8733000E-03,-24.5498944E-03
+9.8734000E-03,-28.1743913E-03
+9.8735000E-03,-19.3276424E-03
+9.8736000E-03,-13.4966443E-03
+9.8737000E-03,-24.2597525E-03
+9.8738000E-03,-40.0339964E-03
+9.8739000E-03,-39.2300535E-03
+9.8740000E-03,-26.3626252E-03
+9.8741000E-03,-23.9527262E-03
+9.8742000E-03,-30.7823816E-03
+9.8743000E-03,-27.1747692E-03
+9.8744000E-03,-27.6726506E-03
+9.8745000E-03,-29.8825287E-03
+9.8746000E-03,-25.3586614E-03
+9.8747000E-03,-20.2356963E-03
+9.8748000E-03,-26.9694417E-03
+9.8749000E-03,-14.4095223E-03
+9.8750000E-03,-20.3349831E-03
+9.8751000E-03,-33.4062915E-03
+9.8752000E-03,-22.8460986E-03
+9.8753000E-03,-35.5125411E-03
+9.8754000E-03,-24.2467274E-03
+9.8755000E-03,-13.3000003E-03
+9.8756000E-03,-28.3821308E-03
+9.8757000E-03,-21.9467282E-03
+9.8758000E-03,-16.7119335E-03
+9.8759000E-03,-25.3586614E-03
+9.8760000E-03,-30.8917991E-03
+9.8761000E-03,-40.7130845E-03
+9.8762000E-03,-27.6683088E-03
+9.8763000E-03,-23.2442108E-03
+9.8764000E-03,-26.5607165E-03
+9.8765000E-03,-30.8802212E-03
+9.8766000E-03,-32.0042156E-03
+9.8767000E-03,-22.0546985E-03
+9.8768000E-03,-18.4282720E-03
+9.8769000E-03,-35.4089126E-03
+9.8770000E-03,-20.8338293E-03
+9.8771000E-03,-29.1619530E-03
+9.8772000E-03,-50.3883794E-03
+9.8773000E-03,-16.8276224E-03
+9.8774000E-03,-32.4919663E-03
+9.8775000E-03,-25.3562494E-03
+9.8776000E-03,-27.4716648E-03
+9.8777000E-03,-32.3107595E-03
+9.8778000E-03,-25.2531032E-03
+9.8779000E-03,-31.7805564E-03
+9.8780000E-03,-21.3437710E-03
+9.8781000E-03,-29.8680563E-03
+9.8782000E-03,-40.8548237E-03
+9.8783000E-03,-25.6492857E-03
+9.8784000E-03,-29.5880451E-03
+9.8785000E-03,-23.8259418E-03
+9.8786000E-03,-25.3586614E-03
+9.8787000E-03,-27.4634638E-03
+9.8788000E-03,-24.9624789E-03
+9.8789000E-03,-27.7589122E-03
+9.8790000E-03,-30.8773267E-03
+9.8791000E-03,-29.5706783E-03
+9.8792000E-03,-28.2640298E-03
+9.8793000E-03,-23.3796786E-03
+9.8794000E-03,-16.0872677E-03
+9.8795000E-03,-36.4234895E-03
+9.8796000E-03,-28.0625617E-03
+9.8797000E-03,-23.9614096E-03
+9.8798000E-03,-36.2162324E-03
+9.8799000E-03,-41.3252076E-03
+9.8800000E-03,-20.3639279E-03
+9.8801000E-03,-18.4971668E-03
+9.8802000E-03,-24.3363659E-03
+9.8803000E-03,-29.2887374E-03
+9.8804000E-03,-25.5702603E-03
+9.8805000E-03,-40.9222713E-03
+9.8806000E-03,-44.7303870E-03
+9.8807000E-03,-30.6816475E-03
+9.8808000E-03,-29.2708881E-03
+9.8809000E-03,-24.7407494E-03
+9.8810000E-03,-33.4101508E-03
+9.8811000E-03,-29.0848572E-03
+9.8812000E-03,-22.8460986E-03
+9.8813000E-03,-29.5952813E-03
+9.8814000E-03,-23.3290252E-03
+9.8815000E-03,-27.3805790E-03
+9.8816000E-03,-24.2491394E-03
+9.8817000E-03,-19.9436247E-03
+9.8818000E-03,-27.8712242E-03
+9.8819000E-03,-15.6939797E-03
+9.8820000E-03,-21.8493710E-03
+9.8821000E-03,-35.0320266E-03
+9.8822000E-03,-26.7530188E-03
+9.8823000E-03,-31.9126473E-03
+9.8824000E-03,-20.7398490E-03
+9.8825000E-03,-15.3170937E-03
+9.8826000E-03,-24.8342473E-03
+9.8827000E-03,-36.6635507E-03
+9.8828000E-03,-25.3586614E-03
+9.8829000E-03,-24.2351494E-03
+9.8830000E-03,-27.8712242E-03
+9.8831000E-03,-42.4212220E-03
+9.8832000E-03,-25.6555571E-03
+9.8833000E-03,-42.2477338E-03
+9.8834000E-03,-22.0561457E-03
+9.8835000E-03,-26.8614715E-03
+9.8836000E-03,-27.8712242E-03
+9.8837000E-03,-27.2537946E-03
+9.8838000E-03,-36.1560210E-03
+9.8839000E-03,-32.1781861E-03
+9.8840000E-03,-19.8211821E-03
+9.8841000E-03,-22.2629204E-03
+9.8842000E-03,-35.7959292E-03
+9.8843000E-03,-22.5395547E-03
+9.8844000E-03,-42.2786083E-03
+9.8845000E-03,-25.3586614E-03
+9.8846000E-03,-29.4844166E-03
+9.8847000E-03,-18.9420730E-03
+9.8848000E-03,-23.6553481E-03
+9.8849000E-03,-34.5254618E-03
+9.8850000E-03,-32.8751236E-03
+9.8851000E-03,-22.8460986E-03
+9.8852000E-03,-21.8141549E-03
+9.8853000E-03,-21.6454908E-03
+9.8854000E-03,-20.7683114E-03
+9.8855000E-03,-34.3653909E-03
+9.8856000E-03,-28.4014273E-03
+9.8857000E-03,-30.3837870E-03
+9.8858000E-03,-25.6377078E-03
+9.8859000E-03,-24.2587877E-03
+9.8860000E-03,-34.8893226E-03
+9.8861000E-03,-20.9422820E-03
+9.8862000E-03,-23.6731974E-03
+9.8863000E-03,-35.9945029E-03
+9.8864000E-03,-29.6627289E-03
+9.8865000E-03,-25.3292342E-03
+9.8866000E-03,-34.0078015E-03
+9.8867000E-03,-23.5555789E-03
+9.8868000E-03,-31.9738235E-03
+9.8869000E-03,-32.1406482E-03
+9.8870000E-03,-25.8550956E-03
+9.8871000E-03,-20.5161899E-03
+9.8872000E-03,-26.8354211E-03
+9.8873000E-03,-27.0610099E-03
+9.8874000E-03,-27.9343301E-03
+9.8875000E-03,-25.3586614E-03
+9.8876000E-03,-19.4037734E-03
+9.8877000E-03,-14.5107388E-03
+9.8878000E-03,-27.5313938E-03
+9.8879000E-03,-24.4477131E-03
+9.8880000E-03,-18.3299500E-03
+9.8881000E-03,-25.4656669E-03
+9.8882000E-03,-15.0134443E-03
+9.8883000E-03,-22.5709116E-03
+9.8884000E-03,-27.0870603E-03
+9.8885000E-03,-23.4018696E-03
+9.8886000E-03,-25.9683724E-03
+9.8887000E-03,-17.1780659E-03
+9.8888000E-03,-35.0204487E-03
+9.8889000E-03,-20.2057866E-03
+9.8890000E-03,-17.8552244E-03
+9.8891000E-03,-28.4466838E-03
+9.8892000E-03,-30.3837870E-03
+9.8893000E-03,-32.8963498E-03
+9.8894000E-03,-35.0349211E-03
+9.8895000E-03,-26.3496001E-03
+9.8896000E-03,-27.6928216E-03
+9.8897000E-03,-22.8460986E-03
+9.8898000E-03,-18.5531267E-03
+9.8899000E-03,-27.0528089E-03
+9.8900000E-03,-27.8495156E-03
+9.8901000E-03,-37.9214754E-03
+9.8902000E-03,-26.2778108E-03
+9.8903000E-03,-30.0381676E-03
+9.8904000E-03,-23.9811886E-03
+9.8905000E-03,-28.8539618E-03
+9.8906000E-03,-30.1678465E-03
+9.8907000E-03,-30.0897858E-03
+9.8908000E-03,-23.8133990E-03
+9.8909000E-03,-22.3606697E-03
+9.8910000E-03,-28.3966032E-03
+9.8911000E-03,-15.3084103E-03
+9.8912000E-03,-34.1566866E-03
+9.8913000E-03,-18.0142402E-03
+9.8914000E-03,-16.4988874E-03
+9.8915000E-03,-32.9354253E-03
+9.8916000E-03,-21.9886982E-03
+9.8917000E-03,-26.8267377E-03
+9.8918000E-03,-22.8460986E-03
+9.8919000E-03,-30.3837870E-03
+9.8920000E-03,-31.4128363E-03
+9.8921000E-03,-31.1033979E-03
+9.8922000E-03,-35.4089126E-03
+9.8923000E-03,-26.2469364E-03
+9.8924000E-03,-27.0508793E-03
+9.8925000E-03,-20.3499379E-03
+9.8926000E-03,-20.5773661E-03
+9.8927000E-03,-27.2008195E-03
+9.8928000E-03,-23.8095397E-03
+9.8929000E-03,-20.5596071E-03
+9.8930000E-03,-31.8325667E-03
+9.8931000E-03,-20.9871464E-03
+9.8932000E-03,-28.1642606E-03
+9.8933000E-03,-20.7610752E-03
+9.8934000E-03,-30.0651827E-03
+9.8935000E-03,-30.3408522E-03
+9.8936000E-03,-29.0945055E-03
+9.8937000E-03,-37.2924679E-03
+9.8938000E-03,-30.9606939E-03
+9.8939000E-03,-34.8146388E-03
+9.8940000E-03,-30.3398874E-03
+9.8941000E-03,-31.2353985E-03
+9.8942000E-03,-33.9841632E-03
+9.8943000E-03,-32.2462064E-03
+9.8944000E-03,-15.8578196E-03
+9.8945000E-03,-32.4028101E-03
+9.8946000E-03,-14.4128992E-03
+9.8947000E-03,-22.9285010E-03
+9.8948000E-03,-24.3990796E-03
+9.8949000E-03,-24.9475241E-03
+9.8950000E-03,-30.3379577E-03
+9.8951000E-03,-27.0856130E-03
+9.8952000E-03,-34.6141355E-03
+9.8953000E-03,-27.5140269E-03
+9.8954000E-03,-21.0184130E-03
+9.8955000E-03,-17.3091017E-03
+9.8956000E-03,-27.8712242E-03
+9.8957000E-03,-35.8769747E-03
+9.8958000E-03,-19.9031020E-03
+9.8959000E-03,-35.4089126E-03
+9.8960000E-03,-26.3254794E-03
+9.8961000E-03,-28.4216887E-03
+9.8962000E-03,-22.2141967E-03
+9.8963000E-03,-27.2972118E-03
+9.8964000E-03,-32.8963498E-03
+9.8965000E-03,-30.3350633E-03
+9.8966000E-03,-28.4226535E-03
+9.8967000E-03,-31.4696708E-03
+9.8968000E-03,-26.6257520E-03
+9.8969000E-03,-25.1774547E-03
+9.8970000E-03,-30.9260504E-03
+9.8971000E-03,-24.6351912E-03
+9.8972000E-03,-39.2179931E-03
+9.8973000E-03,-27.0571506E-03
+9.8974000E-03,-19.9214337E-03
+9.8975000E-03,-27.8610935E-03
+9.8976000E-03,-42.7162783E-03
+9.8977000E-03,-37.3899154E-03
+9.8978000E-03,-31.8215615E-03
+9.8979000E-03,-28.5541717E-03
+9.8980000E-03,-31.8706774E-03
+9.8981000E-03,-41.9488182E-03
+9.8982000E-03,-22.5549919E-03
+9.8983000E-03,-25.7919897E-03
+9.8984000E-03,-33.5412769E-03
+9.8985000E-03,-30.8652663E-03
+9.8986000E-03,-32.3410612E-03
+9.8987000E-03,-37.0750801E-03
+9.8988000E-03,-32.5156045E-03
+9.8989000E-03,-28.0144107E-03
+9.8990000E-03,-18.3449048E-03
+9.8991000E-03,-32.0563162E-03
+9.8992000E-03,-34.3249585E-03
+9.8993000E-03,-31.9593511E-03
+9.8994000E-03,-33.0756269E-03
+9.8995000E-03,-29.4005670E-03
+9.8996000E-03,-20.1653542E-03
+9.8997000E-03,-28.9311480E-03
+9.8998000E-03,-28.0061193E-03
+9.8999000E-03,-34.1697117E-03
+9.9000000E-03,-25.3808524E-03
+9.9001000E-03,-38.8705344E-03
+9.9002000E-03,-33.8232178E-03
+9.9003000E-03,-29.3118932E-03
+9.9004000E-03,-38.6024932E-03
+9.9005000E-03,-23.9301431E-03
+9.9006000E-03,-27.3120763E-03
+9.9007000E-03,-17.6295453E-03
+9.9008000E-03,-34.8971315E-03
+9.9009000E-03,-31.4778718E-03
+9.9010000E-03,-19.8539862E-03
+9.9011000E-03,-22.7916763E-03
+9.9012000E-03,-23.0586623E-03
+9.9013000E-03,-30.5731948E-03
+9.9014000E-03,-31.1222120E-03
+9.9015000E-03,-30.4421590E-03
+9.9016000E-03,-36.5261532E-03
+9.9017000E-03,-41.8828179E-03
+9.9018000E-03,-30.3837870E-03
+9.9019000E-03,-22.7574249E-03
+9.9020000E-03,-22.4147903E-03
+9.9021000E-03,-24.4660448E-03
+9.9022000E-03,-28.0244510E-03
+9.9023000E-03,-37.1054721E-03
+9.9024000E-03,-24.9162576E-03
+9.9025000E-03,-32.8722291E-03
+9.9026000E-03,-26.3552987E-03
+9.9027000E-03,-26.9424266E-03
+9.9028000E-03,-35.4089126E-03
+9.9029000E-03,-26.9544869E-03
+9.9030000E-03,-21.4243341E-03
+9.9031000E-03,-23.8612483E-03
+9.9032000E-03,-18.6885042E-03
+9.9033000E-03,-29.5055525E-03
+9.9034000E-03,-34.7562668E-03
+9.9035000E-03,-21.7663960E-03
+9.9036000E-03,-27.8206611E-03
+9.9037000E-03,-25.9992468E-03
+9.9038000E-03,-18.7631880E-03
+9.9039000E-03,-30.3837870E-03
+9.9040000E-03,-34.9443177E-03
+9.9041000E-03,-37.3555737E-03
+9.9042000E-03,-32.5439766E-03
+9.9043000E-03,-23.1603612E-03
+9.9044000E-03,-37.4829308E-03
+9.9045000E-03,-25.3586614E-03
+9.9046000E-03,-23.9001431E-03
+9.9047000E-03,-34.4140243E-03
+9.9048000E-03,-28.6265337E-03
+9.9049000E-03,-29.5537938E-03
+9.9050000E-03,-30.4358876E-03
+9.9051000E-03,-16.8641955E-03
+9.9052000E-03,-17.9607826E-03
+9.9053000E-03,-22.9728830E-03
+9.9054000E-03,-37.0037732E-03
+9.9055000E-03,-27.4215842E-03
+9.9056000E-03,-25.6999391E-03
+9.9057000E-03,-52.0508682E-03
+9.9058000E-03,-31.2678105E-03
+9.9059000E-03,-33.2246023E-03
+9.9060000E-03,-28.7555495E-03
+9.9061000E-03,-22.2296339E-03
+9.9062000E-03,-18.8934396E-03
+9.9063000E-03,-24.7962270E-03
+9.9064000E-03,-31.5626862E-03
+9.9065000E-03,-29.3243457E-03
+9.9066000E-03,-33.1705720E-03
+9.9067000E-03,-20.3335359E-03
+9.9068000E-03,-15.6328938E-03
+9.9069000E-03,-35.6691448E-03
+9.9070000E-03,-31.4302032E-03
+9.9071000E-03,-34.1992292E-03
+9.9072000E-03,-25.2859073E-03
+9.9073000E-03,-25.2998973E-03
+9.9074000E-03,-30.7997484E-03
+9.9075000E-03,-25.3726514E-03
+9.9076000E-03,-35.9815680E-03
+9.9077000E-03,-26.7958633E-03
+9.9078000E-03,-17.6922590E-03
+9.9079000E-03,+576.1033932E-03
+9.9080000E-03,+807.4748416E-03
+9.9081000E-03,+852.6729918E-03
+9.9082000E-03,+896.4646341E-03
+9.9083000E-03,+944.0019492E-03
+9.9084000E-03,+986.4431337E-03
+9.9085000E-03,+1.0320283908E+00
+9.9086000E-03,+1.0977140599E+00
+9.9087000E-03,+1.1197965298E+00
+9.9088000E-03,+1.1675491225E+00
+9.9089000E-03,+1.2080384296E+00
+9.9090000E-03,+1.2585609228E+00
+9.9091000E-03,+1.3110524487E+00
+9.9092000E-03,+1.3529640932E+00
+9.9093000E-03,+1.3986320545E+00
+9.9094000E-03,+1.4292436338E+00
+9.9095000E-03,+1.4620785086E+00
+9.9096000E-03,+1.5089274794E+00
+9.9097000E-03,+1.5475056433E+00
+9.9098000E-03,+1.5819184943E+00
+9.9099000E-03,+1.6186802487E+00
+9.9100000E-03,+1.6556056624E+00
+9.9101000E-03,+1.7028975195E+00
+9.9102000E-03,+1.7428421511E+00
+9.9103000E-03,+1.7735056505E+00
+9.9104000E-03,+1.8150032631E+00
+9.9105000E-03,+1.8485712563E+00
+9.9106000E-03,+1.8917267452E+00
+9.9107000E-03,+1.9196512184E+00
+9.9108000E-03,+1.9549886156E+00
+9.9109000E-03,+1.9975864941E+00
+9.9110000E-03,+2.0350962315E+00
+9.9111000E-03,+2.0714334622E+00
+9.9112000E-03,+2.0913013201E+00
+9.9113000E-03,+2.1554607216E+00
+9.9114000E-03,+2.1537832780E+00
+9.9115000E-03,+2.2022950394E+00
+9.9116000E-03,+2.2242357701E+00
+9.9117000E-03,+2.2668177289E+00
+9.9118000E-03,+2.2940539481E+00
+9.9119000E-03,+2.3310011608E+00
+9.9120000E-03,+2.3495785917E+00
+9.9121000E-03,+2.3831465849E+00
+9.9122000E-03,+2.4166456833E+00
+9.9123000E-03,+2.4461302834E+00
+9.9124000E-03,+2.4767359835E+00
+9.9125000E-03,+2.5073842262E+00
+9.9126000E-03,+2.5266330267E+00
+9.9127000E-03,+2.5531702885E+00
+9.9128000E-03,+2.5801689489E+00
+9.9129000E-03,+2.6110673835E+00
+9.9130000E-03,+2.6446194570E+00
+9.9131000E-03,+2.6733670794E+00
+9.9132000E-03,+2.6987747384E+00
+9.9133000E-03,+2.7213231601E+00
+9.9134000E-03,+2.7542910003E+00
+9.9135000E-03,+2.7716751499E+00
+9.9136000E-03,+2.7987970372E+00
+9.9137000E-03,+2.8215923642E+00
+9.9138000E-03,+2.8432497068E+00
+9.9139000E-03,+2.8645087567E+00
+9.9140000E-03,+2.8908207005E+00
+9.9141000E-03,+2.9042895484E+00
+9.9142000E-03,+2.9287106105E+00
+9.9143000E-03,+2.9645910553E+00
+9.9144000E-03,+2.9890458863E+00
+9.9145000E-03,+2.9997669343E+00
+9.9146000E-03,+3.0253279105E+00
+9.9147000E-03,+3.0423465714E+00
+9.9148000E-03,+3.0558140623E+00
+9.9149000E-03,+3.0831009349E+00
+9.9150000E-03,+3.1028664309E+00
+9.9151000E-03,+3.1201869020E+00
+9.9152000E-03,+3.1502179266E+00
+9.9153000E-03,+3.1445755521E+00
+9.9154000E-03,+3.1637529554E+00
+9.9155000E-03,+3.1992131873E+00
+9.9156000E-03,+3.2102341158E+00
+9.9157000E-03,+3.2339573659E+00
+9.9158000E-03,+3.2391467235E+00
+9.9159000E-03,+3.2664345609E+00
+9.9160000E-03,+3.2667392655E+00
+9.9161000E-03,+3.2792817277E+00
+9.9162000E-03,+3.2996353164E+00
+9.9163000E-03,+3.3281781840E+00
+9.9164000E-03,+3.3346935769E+00
+9.9165000E-03,+3.3419255958E+00
+9.9166000E-03,+3.3582068869E+00
+9.9167000E-03,+3.3669504896E+00
+9.9168000E-03,+3.3835909980E+00
+9.9169000E-03,+3.3966689699E+00
+9.9170000E-03,+3.3982064234E+00
+9.9171000E-03,+3.4328145614E+00
+9.9172000E-03,+3.4305738991E+00
+9.9173000E-03,+3.4385964437E+00
+9.9174000E-03,+3.4486760317E+00
+9.9175000E-03,+3.4596373215E+00
+9.9176000E-03,+3.4796664267E+00
+9.9177000E-03,+3.4948960853E+00
+9.9178000E-03,+3.4983059986E+00
+9.9179000E-03,+3.5043795603E+00
+9.9180000E-03,+3.5062635077E+00
+9.9181000E-03,+3.5221428273E+00
+9.9182000E-03,+3.5310133047E+00
+9.9183000E-03,+3.5312871349E+00
+9.9184000E-03,+3.5403058343E+00
+9.9185000E-03,+3.5421056303E+00
+9.9186000E-03,+3.5613384209E+00
+9.9187000E-03,+3.5554819451E+00
+9.9188000E-03,+3.5649109074E+00
+9.9189000E-03,+3.5625809986E+00
+9.9190000E-03,+3.5676061242E+00
+9.9191000E-03,+3.5782512218E+00
+9.9192000E-03,+3.5888041785E+00
+9.9193000E-03,+3.5921394983E+00
+9.9194000E-03,+3.5978387976E+00
+9.9195000E-03,+3.6022981118E+00
+9.9196000E-03,+3.6051495402E+00
+9.9197000E-03,+3.6141200887E+00
+9.9198000E-03,+3.6187244287E+00
+9.9199000E-03,+3.6170158088E+00
+9.9200000E-03,+3.6253574401E+00
+9.9201000E-03,+3.6406840638E+00
+9.9202000E-03,+3.6261801971E+00
+9.9203000E-03,+3.6304201939E+00
+9.9204000E-03,+3.6322671761E+00
+9.9205000E-03,+3.6259165879E+00
+9.9206000E-03,+3.6379578822E+00
+9.9207000E-03,+3.6315498869E+00
+9.9208000E-03,+3.6416142184E+00
+9.9209000E-03,+3.6379578822E+00
+9.9210000E-03,+3.6384219947E+00
+9.9211000E-03,+3.6417385004E+00
+9.9212000E-03,+3.6514912832E+00
+9.9213000E-03,+3.6334778243E+00
+9.9214000E-03,+3.6379578822E+00
+9.9215000E-03,+3.6390404794E+00
+9.9216000E-03,+3.6285073017E+00
+9.9217000E-03,+3.6304201939E+00
+9.9218000E-03,+3.6360873521E+00
+9.9219000E-03,+3.6255569786E+00
+9.9220000E-03,+3.6243312853E+00
+9.9221000E-03,+3.6177152486E+00
+9.9222000E-03,+3.6231883864E+00
+9.9223000E-03,+3.6212764591E+00
+9.9224000E-03,+3.6132360652E+00
+9.9225000E-03,+3.6052352292E+00
+9.9226000E-03,+3.6277448463E+00
+9.9227000E-03,+3.6010536044E+00
+9.9228000E-03,+3.6039681386E+00
+9.9229000E-03,+3.5949835099E+00
+9.9230000E-03,+3.5886517359E+00
+9.9231000E-03,+3.5873450875E+00
+9.9232000E-03,+3.5734756251E+00
+9.9233000E-03,+3.5737769528E+00
+9.9234000E-03,+3.5607519560E+00
+9.9235000E-03,+3.5625809986E+00
+9.9236000E-03,+3.5619774687E+00
+9.9237000E-03,+3.5527519946E+00
+9.9238000E-03,+3.5525307475E+00
+9.9239000E-03,+3.5397487967E+00
+9.9240000E-03,+3.5325320344E+00
+9.9241000E-03,+3.5307828918E+00
+9.9242000E-03,+3.5112225426E+00
+9.9243000E-03,+3.5135543811E+00
+9.9244000E-03,+3.4903566002E+00
+9.9245000E-03,+3.4961876886E+00
+9.9246000E-03,+3.4854362486E+00
+9.9247000E-03,+3.4732369034E+00
+9.9248000E-03,+3.4653002283E+00
+9.9249000E-03,+3.4516529779E+00
+9.9250000E-03,+3.4369113717E+00
+9.9251000E-03,+3.4285835498E+00
+9.9252000E-03,+3.4352234956E+00
+9.9253000E-03,+3.4176108627E+00
+9.9254000E-03,+3.4171160564E+00
+9.9255000E-03,+3.4037660937E+00
+9.9256000E-03,+3.4014125467E+00
+9.9257000E-03,+3.3936783047E+00
+9.9258000E-03,+3.3677181612E+00
+9.9259000E-03,+3.3666544685E+00
+9.9260000E-03,+3.3590634129E+00
+9.9261000E-03,+3.3352019811E+00
+9.9262000E-03,+3.3312030103E+00
+9.9263000E-03,+3.3172486432E+00
+9.9264000E-03,+3.3097651657E+00
+9.9265000E-03,+3.3028033291E+00
+9.9266000E-03,+3.2881940848E+00
+9.9267000E-03,+3.2789992142E+00
+9.9268000E-03,+3.2620423021E+00
+9.9269000E-03,+3.2458400365E+00
+9.9270000E-03,+3.2535357758E+00
+9.9271000E-03,+3.2377137731E+00
+9.9272000E-03,+3.2121071483E+00
+9.9273000E-03,+3.2099965569E+00
+9.9274000E-03,+3.1924164263E+00
+9.9275000E-03,+3.1681520582E+00
+9.9276000E-03,+3.1688691668E+00
+9.9277000E-03,+3.1557116870E+00
+9.9278000E-03,+3.1401821479E+00
+9.9279000E-03,+3.1248618858E+00
+9.9280000E-03,+3.1193211199E+00
+9.9281000E-03,+3.1146101665E+00
+9.9282000E-03,+3.0999899170E+00
+9.9283000E-03,+3.0813185058E+00
+9.9284000E-03,+3.0665226579E+00
+9.9285000E-03,+3.0605267647E+00
+9.9286000E-03,+3.0468924491E+00
+9.9287000E-03,+3.0388520552E+00
+9.9288000E-03,+3.0098171855E+00
+9.9289000E-03,+3.0086556531E+00
+9.9290000E-03,+2.9906994208E+00
+9.9291000E-03,+2.9732565974E+00
+9.9292000E-03,+2.9613526102E+00
+9.9293000E-03,+2.9440879185E+00
+9.9294000E-03,+2.9345183625E+00
+9.9295000E-03,+2.9142273973E+00
+9.9296000E-03,+2.8946396409E+00
+9.9297000E-03,+2.8780461072E+00
+9.9298000E-03,+2.8683197668E+00
+9.9299000E-03,+2.8574001452E+00
+9.9300000E-03,+2.8363596594E+00
+9.9301000E-03,+2.8257840294E+00
+9.9302000E-03,+2.8103747014E+00
+9.9303000E-03,+2.7984697495E+00
+9.9304000E-03,+2.7818318338E+00
+9.9305000E-03,+2.7576244808E+00
+9.9306000E-03,+2.7658517801E+00
+9.9307000E-03,+2.7325940998E+00
+9.9308000E-03,+2.7313936726E+00
+9.9309000E-03,+2.7100872560E+00
+9.9310000E-03,+2.6871810642E+00
+9.9311000E-03,+2.6775327845E+00
+9.9312000E-03,+2.6557699740E+00
+9.9313000E-03,+2.6332884272E+00
+9.9314000E-03,+2.6221093575E+00
+9.9315000E-03,+2.6175408967E+00
+9.9316000E-03,+2.5957541770E+00
+9.9317000E-03,+2.5779884076E+00
+9.9318000E-03,+2.5671948170E+00
+9.9319000E-03,+2.5500181954E+00
+9.9320000E-03,+2.5259679285E+00
+9.9321000E-03,+2.5241420822E+00
+9.9322000E-03,+2.4972543769E+00
+9.9323000E-03,+2.4863467253E+00
+9.9324000E-03,+2.4682982617E+00
+9.9325000E-03,+2.4518627790E+00
+9.9326000E-03,+2.4313068476E+00
+9.9327000E-03,+2.4269026188E+00
+9.9328000E-03,+2.3967518654E+00
+9.9329000E-03,+2.3855009161E+00
+9.9330000E-03,+2.3754795195E+00
+9.9331000E-03,+2.3565508608E+00
+9.9332000E-03,+2.3288984995E+00
+9.9333000E-03,+2.3243613956E+00
+9.9334000E-03,+2.3055675417E+00
+9.9335000E-03,+2.2836865400E+00
+9.9336000E-03,+2.2635817863E+00
+9.9337000E-03,+2.2567236685E+00
+9.9338000E-03,+2.2368321723E+00
+9.9339000E-03,+2.2220301433E+00
+9.9340000E-03,+2.2006508823E+00
+9.9341000E-03,+2.1834370245E+00
+9.9342000E-03,+2.1788867148E+00
+9.9343000E-03,+2.1446122262E+00
+9.9344000E-03,+2.1526526201E+00
+9.9345000E-03,+2.1213261637E+00
+9.9346000E-03,+2.1019019454E+00
+9.9347000E-03,+2.0878096984E+00
+9.9348000E-03,+2.0759723746E+00
+9.9349000E-03,+2.0504447753E+00
+9.9350000E-03,+2.0375045930E+00
+9.9351000E-03,+2.0320528929E+00
+9.9352000E-03,+2.0047920706E+00
+9.9353000E-03,+1.9920793164E+00
+9.9354000E-03,+1.9727827570E+00
+9.9355000E-03,+1.9599692688E+00
+9.9356000E-03,+1.9491396778E+00
+9.9357000E-03,+1.9291156986E+00
+9.9358000E-03,+1.9076825879E+00
+9.9359000E-03,+1.8827570712E+00
+9.9360000E-03,+1.8792888763E+00
+9.9361000E-03,+1.8471290498E+00
+9.9362000E-03,+1.8339378011E+00
+9.9363000E-03,+1.8175811632E+00
+9.9364000E-03,+1.8006966131E+00
+9.9365000E-03,+1.7945907297E+00
+9.9366000E-03,+1.7732587452E+00
+9.9367000E-03,+1.7656960616E+00
+9.9368000E-03,+1.7485106663E+00
+9.9369000E-03,+1.7309978930E+00
+9.9370000E-03,+1.7098679493E+00
+9.9371000E-03,+1.6899673776E+00
+9.9372000E-03,+1.6720510952E+00
+9.9373000E-03,+1.6664256051E+00
+9.9374000E-03,+1.6521255283E+00
+9.9375000E-03,+1.6329839139E+00
+9.9376000E-03,+1.6207463677E+00
+9.9377000E-03,+1.6026045869E+00
+9.9378000E-03,+1.5912476873E+00
+9.9379000E-03,+1.5735615161E+00
+9.9380000E-03,+1.5545150583E+00
+9.9381000E-03,+1.5475056433E+00
+9.9382000E-03,+1.5221043460E+00
+9.9383000E-03,+1.4971707495E+00
+9.9384000E-03,+1.4843382356E+00
+9.9385000E-03,+1.4806974270E+00
+9.9386000E-03,+1.4614529683E+00
+9.9387000E-03,+1.4419780063E+00
+9.9388000E-03,+1.4302898694E+00
+9.9389000E-03,+1.4241851314E+00
+9.9390000E-03,+1.4026251460E+00
+9.9391000E-03,+1.3819256361E+00
+9.9392000E-03,+1.3841059968E+00
+9.9393000E-03,+1.3646345020E+00
+9.9394000E-03,+1.3467974257E+00
+9.9395000E-03,+1.3466323192E+00
+9.9396000E-03,+1.3188624297E+00
+9.9397000E-03,+1.3038823902E+00
+9.9398000E-03,+1.2946095492E+00
+9.9399000E-03,+1.2690396781E+00
+9.9400000E-03,+1.2611000183E+00
+9.9401000E-03,+1.2485106717E+00
+9.9402000E-03,+1.2288269150E+00
+9.9403000E-03,+1.2173343361E+00
+9.9404000E-03,+1.2049539053E+00
+9.9405000E-03,+1.1912509658E+00
+9.9406000E-03,+1.1897035932E+00
+9.9407000E-03,+1.1617100136E+00
+9.9408000E-03,+1.1450130629E+00
+9.9409000E-03,+1.1339985865E+00
+9.9410000E-03,+1.1147615754E+00
+9.9411000E-03,+1.1021593842E+00
+9.9412000E-03,+1.0870226507E+00
+9.9413000E-03,+1.0922098671E+00
+9.9414000E-03,+1.0617962887E+00
+9.9415000E-03,+1.0602040207E+00
+9.9416000E-03,+1.0399679603E+00
+9.9417000E-03,+1.0299177092E+00
+9.9418000E-03,+1.0200788762E+00
+9.9419000E-03,+990.0828871E-03
+9.9420000E-03,+989.7167046E-03
+9.9421000E-03,+963.1936443E-03
+9.9422000E-03,+957.1448663E-03
+9.9423000E-03,+949.5339414E-03
+9.9424000E-03,+939.7664153E-03
+9.9425000E-03,+931.8177702E-03
+9.9426000E-03,+911.1870649E-03
+9.9427000E-03,+896.1586628E-03
+9.9428000E-03,+880.1866296E-03
+9.9429000E-03,+870.4101182E-03
+9.9430000E-03,+849.5433916E-03
+9.9431000E-03,+848.5002620E-03
+9.9432000E-03,+833.9378118E-03
+9.9433000E-03,+819.7284287E-03
+9.9434000E-03,+813.8373095E-03
+9.9435000E-03,+799.3480958E-03
+9.9436000E-03,+778.6502446E-03
+9.9437000E-03,+779.1193618E-03
+9.9438000E-03,+772.9442819E-03
+9.9439000E-03,+754.8984110E-03
+9.9440000E-03,+740.4143232E-03
+9.9441000E-03,+733.6805777E-03
+9.9442000E-03,+727.2643814E-03
+9.9443000E-03,+712.6753985E-03
+9.9444000E-03,+693.8124692E-03
+9.9445000E-03,+673.6080365E-03
+9.9446000E-03,+682.0756680E-03
+9.9447000E-03,+670.6650399E-03
+9.9448000E-03,+662.2664839E-03
+9.9449000E-03,+636.6666129E-03
+9.9450000E-03,+613.0030608E-03
+9.9451000E-03,+626.5156276E-03
+9.9452000E-03,+607.6210397E-03
+9.9453000E-03,+604.6639628E-03
+9.9454000E-03,+594.0243523E-03
+9.9455000E-03,+583.6005921E-03
+9.9456000E-03,+560.8436467E-03
+9.9457000E-03,+555.3161174E-03
+9.9458000E-03,+557.7423282E-03
+9.9459000E-03,+543.1987824E-03
+9.9460000E-03,+535.9767135E-03
+9.9461000E-03,+516.7380437E-03
+9.9462000E-03,+512.3297750E-03
+9.9463000E-03,+501.9354420E-03
+9.9464000E-03,+503.6440619E-03
+9.9465000E-03,+486.4983456E-03
+9.9466000E-03,+479.7485902E-03
+9.9467000E-03,+476.8392413E-03
+9.9468000E-03,+461.0865255E-03
+9.9469000E-03,+459.4946496E-03
+9.9470000E-03,+439.3192830E-03
+9.9471000E-03,+437.9413277E-03
+9.9472000E-03,+426.9026403E-03
+9.9473000E-03,+416.9021989E-03
+9.9474000E-03,+424.3900775E-03
+9.9475000E-03,+401.8358668E-03
+9.9476000E-03,+395.6342541E-03
+9.9477000E-03,+388.4396828E-03
+9.9478000E-03,+375.1557204E-03
+9.9479000E-03,+385.7675315E-03
+9.9480000E-03,+374.7587846E-03
+9.9481000E-03,+358.6729612E-03
+9.9482000E-03,+353.4946991E-03
+9.9483000E-03,+346.5006311E-03
+9.9484000E-03,+337.8871896E-03
+9.9485000E-03,+328.9126916E-03
+9.9486000E-03,+328.2987292E-03
+9.9487000E-03,+323.8875660E-03
+9.9488000E-03,+301.6166531E-03
+9.9489000E-03,+301.8475485E-03
+9.9490000E-03,+292.1992688E-03
+9.9491000E-03,+283.2037251E-03
+9.9492000E-03,+282.6412003E-03
+9.9493000E-03,+283.8777182E-03
+9.9494000E-03,+273.4956262E-03
+9.9495000E-03,+259.0332470E-03
+9.9496000E-03,+263.4757671E-03
+9.9497000E-03,+249.7469888E-03
+9.9498000E-03,+254.3605849E-03
+9.9499000E-03,+227.6270712E-03
+9.9500000E-03,+226.0191854E-03
+9.9501000E-03,+232.6921468E-03
+9.9502000E-03,+227.6366292E-03
+9.9503000E-03,+217.6689610E-03
+9.9504000E-03,+218.6525732E-03
+9.9505000E-03,+204.8838449E-03
+9.9506000E-03,+200.3786111E-03
+9.9507000E-03,+194.9343278E-03
+9.9508000E-03,+185.6966127E-03
+9.9509000E-03,+182.8352342E-03
+9.9510000E-03,+177.8718575E-03
+9.9511000E-03,+178.7699922E-03
+9.9512000E-03,+184.5373118E-03
+9.9513000E-03,+175.3061390E-03
+9.9514000E-03,+161.1430675E-03
+9.9515000E-03,+153.4428962E-03
+9.9516000E-03,+153.2727849E-03
+9.9517000E-03,+156.7061249E-03
+9.9518000E-03,+144.8304196E-03
+9.9519000E-03,+140.7479913E-03
+9.9520000E-03,+145.1800789E-03
+9.9521000E-03,+143.7489679E-03
+9.9522000E-03,+130.3441907E-03
+9.9523000E-03,+115.3315277E-03
+9.9524000E-03,+128.6869181E-03
+9.9525000E-03,+102.8447544E-03
+9.9526000E-03,+111.4315728E-03
+9.9527000E-03,+108.5797523E-03
+9.9528000E-03,+106.4691610E-03
+9.9529000E-03,+102.1415456E-03
+9.9530000E-03,+105.2946035E-03
+9.9531000E-03,+104.6341488E-03
+9.9532000E-03,+99.4598364E-03
+9.9533000E-03,+104.1257447E-03
+9.9534000E-03,+89.8543108E-03
+9.9535000E-03,+83.4379933E-03
+9.9536000E-03,+92.0437470E-03
+9.9537000E-03,+92.4989646E-03
+9.9538000E-03,+71.1336032E-03
+9.9539000E-03,+80.1689756E-03
+9.9540000E-03,+85.3537800E-03
+9.9541000E-03,+79.9314168E-03
+9.9542000E-03,+71.2838143E-03
+9.9543000E-03,+68.1173700E-03
+9.9544000E-03,+65.1620113E-03
+9.9545000E-03,+59.4374459E-03
+9.9546000E-03,+65.0935989E-03
+9.9547000E-03,+63.8192722E-03
+9.9548000E-03,+65.0935989E-03
+9.9549000E-03,+53.3993713E-03
+9.9550000E-03,+60.0684733E-03
+9.9551000E-03,+62.5810361E-03
+9.9552000E-03,+54.6671248E-03
+9.9553000E-03,+62.5810361E-03
+9.9554000E-03,+62.9211684E-03
+9.9555000E-03,+53.2283855E-03
+9.9556000E-03,+48.4370497E-03
+9.9557000E-03,+46.0687594E-03
+9.9558000E-03,+52.7017708E-03
+9.9559000E-03,+48.2116724E-03
+9.9560000E-03,+49.4175868E-03
+9.9561000E-03,+59.4327120E-03
+9.9562000E-03,+38.8581472E-03
+9.9563000E-03,+43.9840069E-03
+9.9564000E-03,+48.0758125E-03
+9.9565000E-03,+34.1352239E-03
+9.9566000E-03,+42.9517922E-03
+9.9567000E-03,+60.6746268E-03
+9.9568000E-03,+44.1531533E-03
+9.9569000E-03,+35.4824259E-03
+9.9570000E-03,+44.0542586E-03
+9.9571000E-03,+39.7647538E-03
+9.9572000E-03,+37.5920524E-03
+9.9573000E-03,+40.8034514E-03
+9.9574000E-03,+42.0452759E-03
+9.9575000E-03,+40.0678306E-03
+9.9576000E-03,+41.0740258E-03
+9.9577000E-03,+44.2224402E-03
+9.9578000E-03,+41.6425202E-03
+9.9579000E-03,+52.2294573E-03
+9.9580000E-03,+52.8993796E-03
+9.9581000E-03,+44.9930966E-03
+9.9582000E-03,+43.8202882E-03
+9.9583000E-03,+54.8762213E-03
+9.9584000E-03,+42.5149658E-03
+9.9585000E-03,+58.4262459E-03
+9.9586000E-03,+52.4964433E-03
+9.9587000E-03,+61.8767722E-03
+9.9588000E-03,+62.4138193E-03
+9.9589000E-03,+57.4583419E-03
+9.9590000E-03,+57.1549942E-03
+9.9591000E-03,+52.9981840E-03
+9.9592000E-03,+54.6060698E-03
+9.9593000E-03,+55.3788365E-03
+9.9594000E-03,+60.0684733E-03
+9.9595000E-03,+64.6251447E-03
+9.9596000E-03,+70.2174386E-03
+9.9597000E-03,+63.8212018E-03
+9.9598000E-03,+65.0935989E-03
+9.9599000E-03,+64.6573761E-03
+9.9600000E-03,+65.3333583E-03
+9.9601000E-03,+81.9460982E-03
+9.9602000E-03,+72.8347754E-03
+9.9603000E-03,+66.6037354E-03
+9.9604000E-03,+77.3521907E-03
+9.9605000E-03,+75.3160716E-03
+9.9606000E-03,+77.9263837E-03
+9.9607000E-03,+77.6564128E-03
+9.9608000E-03,+89.0445790E-03
+9.9609000E-03,+95.5738715E-03
+9.9610000E-03,+92.7317896E-03
+9.9611000E-03,+97.0810232E-03
+9.9612000E-03,+88.1781030E-03
+9.9613000E-03,+93.2305455E-03
+9.9614000E-03,+96.3807992E-03
+9.9615000E-03,+88.2788370E-03
+9.9616000E-03,+91.3596232E-03
+9.9617000E-03,+103.0793285E-03
+9.9618000E-03,+103.1184943E-03
+9.9619000E-03,+119.7148012E-03
+9.9620000E-03,+104.8271141E-03
+9.9621000E-03,+116.2143155E-03
+9.9622000E-03,+116.5556834E-03
+9.9623000E-03,+111.9882183E-03
+9.9624000E-03,+121.6815431E-03
+9.9625000E-03,+127.9428848E-03
+9.9626000E-03,+118.2241727E-03
+9.9627000E-03,+136.0077011E-03
+9.9628000E-03,+124.3955740E-03
+9.9629000E-03,+137.9579197E-03
+9.9630000E-03,+139.3946391E-03
+9.9631000E-03,+138.2298202E-03
+9.9632000E-03,+146.2936717E-03
+9.9633000E-03,+141.6470600E-03
+9.9634000E-03,+158.4310566E-03
+9.9635000E-03,+145.4956081E-03
+9.9636000E-03,+162.4448918E-03
+9.9637000E-03,+166.2151987E-03
+9.9638000E-03,+167.9433860E-03
+9.9639000E-03,+162.2727606E-03
+9.9640000E-03,+167.9296979E-03
+9.9641000E-03,+174.2751600E-03
+9.9642000E-03,+170.3268427E-03
+9.9643000E-03,+160.9084032E-03
+9.9644000E-03,+173.6502233E-03
+9.9645000E-03,+185.6966127E-03
+9.9646000E-03,+189.9461674E-03
+9.9647000E-03,+194.4763964E-03
+9.9648000E-03,+192.3941771E-03
+9.9649000E-03,+199.8956845E-03
+9.9650000E-03,+205.7247530E-03
+9.9651000E-03,+204.3819236E-03
+9.9652000E-03,+205.5878379E-03
+9.9653000E-03,+216.1935583E-03
+9.9654000E-03,+211.4422628E-03
+9.9655000E-03,+224.4628275E-03
+9.9656000E-03,+207.1662656E-03
+9.9657000E-03,+225.3675045E-03
+9.9658000E-03,+229.9446179E-03
+9.9659000E-03,+239.2095596E-03
+9.9660000E-03,+233.6181403E-03
+9.9661000E-03,+234.7145468E-03
+9.9662000E-03,+241.2106431E-03
+9.9663000E-03,+247.6890708E-03
+9.9664000E-03,+246.5644133E-03
+9.9665000E-03,+255.0801055E-03
+9.9666000E-03,+253.3078974E-03
+9.9667000E-03,+257.2375812E-03
+9.9668000E-03,+267.1137715E-03
+9.9669000E-03,+258.6881100E-03
+9.9670000E-03,+268.1456250E-03
+9.9671000E-03,+278.7514665E-03
+9.9672000E-03,+271.0973050E-03
+9.9673000E-03,+283.6972648E-03
+9.9674000E-03,+293.6146717E-03
+9.9675000E-03,+306.1881890E-03
+9.9676000E-03,+303.4222381E-03
+9.9677000E-03,+312.0915491E-03
+9.9678000E-03,+305.8309608E-03
+9.9679000E-03,+309.4411065E-03
+9.9680000E-03,+314.5638601E-03
+9.9681000E-03,+311.7383917E-03
+9.9682000E-03,+323.3593829E-03
+9.9683000E-03,+330.0931283E-03
+9.9684000E-03,+326.4001288E-03
+9.9685000E-03,+331.6129131E-03
+9.9686000E-03,+340.2441135E-03
+9.9687000E-03,+340.0438217E-03
+9.9688000E-03,+337.2671674E-03
+9.9689000E-03,+345.3699732E-03
+9.9690000E-03,+347.8572699E-03
+9.9691000E-03,+346.9525929E-03
+9.9692000E-03,+360.0933688E-03
+9.9693000E-03,+365.9224373E-03
+9.9694000E-03,+381.1755227E-03
+9.9695000E-03,+379.8181306E-03
+9.9696000E-03,+375.6105458E-03
+9.9697000E-03,+387.9211479E-03
+9.9698000E-03,+380.0060009E-03
+9.9699000E-03,+383.3089087E-03
+9.9700000E-03,+386.7778570E-03
+9.9701000E-03,+402.1408732E-03
+9.9702000E-03,+396.2011206E-03
+9.9703000E-03,+395.9379938E-03
+9.9704000E-03,+400.8388374E-03
+9.9705000E-03,+418.0918015E-03
+9.9706000E-03,+401.9158571E-03
+9.9707000E-03,+421.3512612E-03
+9.9708000E-03,+425.7202738E-03
+9.9709000E-03,+420.0535980E-03
+9.9710000E-03,+428.9896836E-03
+9.9711000E-03,+427.4905523E-03
+9.9712000E-03,+429.1756243E-03
+9.9713000E-03,+436.9528914E-03
+9.9714000E-03,+445.5651565E-03
+9.9715000E-03,+448.1629258E-03
+9.9716000E-03,+452.0282681E-03
+9.9717000E-03,+460.1373762E-03
+9.9718000E-03,+449.8560182E-03
+9.9719000E-03,+466.9803277E-03
+9.9720000E-03,+465.2491247E-03
+9.9721000E-03,+477.7667724E-03
+9.9722000E-03,+475.8863230E-03
+9.9723000E-03,+467.9961403E-03
+9.9724000E-03,+488.8346161E-03
+9.9725000E-03,+477.0366696E-03
+9.9726000E-03,+494.7141264E-03
+9.9727000E-03,+492.9941402E-03
+9.9728000E-03,+491.8715027E-03
+9.9729000E-03,+502.2795239E-03
+9.9730000E-03,+505.1375255E-03
+9.9731000E-03,+502.5591430E-03
+9.9732000E-03,+506.2560018E-03
+9.9733000E-03,+511.5216710E-03
+9.9734000E-03,+515.8334880E-03
+9.9735000E-03,+527.4051517E-03
+9.9736000E-03,+515.0148303E-03
+9.9737000E-03,+541.5183540E-03
+9.9738000E-03,+525.2154446E-03
+9.9739000E-03,+545.2520569E-03
+9.9740000E-03,+533.3956481E-03
+9.9741000E-03,+538.1563803E-03
+9.9742000E-03,+562.1205970E-03
+9.9743000E-03,+553.3369540E-03
+9.9744000E-03,+547.7484291E-03
+9.9745000E-03,+550.4808820E-03
+9.9746000E-03,+557.5559052E-03
+9.9747000E-03,+570.1393726E-03
+9.9748000E-03,+556.7700825E-03
+9.9749000E-03,+576.3303722E-03
+9.9750000E-03,+587.5464974E-03
+9.9751000E-03,+584.8531200E-03
+9.9752000E-03,+588.6914162E-03
+9.9753000E-03,+582.3199037E-03
+9.9754000E-03,+584.8725068E-03
+9.9755000E-03,+597.2141640E-03
+9.9756000E-03,+597.3345867E-03
+9.9757000E-03,+601.0530638E-03
+9.9758000E-03,+601.5958096E-03
+9.9759000E-03,+602.7820354E-03
+9.9760000E-03,+615.7665094E-03
+9.9761000E-03,+625.3951004E-03
+9.9762000E-03,+608.5316863E-03
+9.9763000E-03,+620.8513639E-03
+9.9764000E-03,+628.7329226E-03
+9.9765000E-03,+621.9181317E-03
+9.9766000E-03,+627.6874713E-03
+9.9767000E-03,+635.4453516E-03
+9.9768000E-03,+636.9311868E-03
+9.9769000E-03,+655.3666671E-03
+9.9770000E-03,+650.9824287E-03
+9.9771000E-03,+649.6570565E-03
+9.9772000E-03,+649.2550850E-03
+9.9773000E-03,+651.3433950E-03
+9.9774000E-03,+659.3873464E-03
+9.9775000E-03,+670.4162050E-03
+9.9776000E-03,+659.5022820E-03
+9.9777000E-03,+668.3324173E-03
+9.9778000E-03,+676.8112654E-03
+9.9779000E-03,+668.1086678E-03
+9.9780000E-03,+673.3397839E-03
+9.9781000E-03,+668.6756246E-03
+9.9782000E-03,+676.6872852E-03
+9.9783000E-03,+685.4241032E-03
+9.9784000E-03,+685.3123949E-03
+9.9785000E-03,+693.4412510E-03
+9.9786000E-03,+703.9289916E-03
+9.9787000E-03,+698.0169480E-03
+9.9788000E-03,+693.2342957E-03
+9.9789000E-03,+704.9408546E-03
+9.9790000E-03,+705.9669500E-03
+9.9791000E-03,+703.2845468E-03
+9.9792000E-03,+714.3570032E-03
+9.9793000E-03,+715.8473608E-03
+9.9794000E-03,+711.1748199E-03
+9.9795000E-03,+727.0279680E-03
+9.9796000E-03,+716.8611844E-03
+9.9797000E-03,+720.8053097E-03
+9.9798000E-03,+736.7937759E-03
+9.9799000E-03,+736.3918045E-03
+9.9800000E-03,+730.9647075E-03
+9.9801000E-03,+738.1004244E-03
+9.9802000E-03,+741.9616055E-03
+9.9803000E-03,+749.6746214E-03
+9.9804000E-03,+751.9698867E-03
+9.9805000E-03,+740.6391278E-03
+9.9806000E-03,+755.9056613E-03
+9.9807000E-03,+749.8070142E-03
+9.9808000E-03,+752.8745637E-03
+9.9809000E-03,+772.2821685E-03
+9.9810000E-03,+747.2572746E-03
+9.9811000E-03,+764.9459482E-03
+9.9812000E-03,+754.0226788E-03
+9.9813000E-03,+761.2320243E-03
+9.9814000E-03,+775.5883629E-03
+9.9815000E-03,+764.7612743E-03
+9.9816000E-03,+769.0438446E-03
+9.9817000E-03,+787.4935263E-03
+9.9818000E-03,+777.5255563E-03
+9.9819000E-03,+788.3648859E-03
+9.9820000E-03,+775.0156171E-03
+9.9821000E-03,+784.4029706E-03
+9.9822000E-03,+781.1888578E-03
+9.9823000E-03,+787.8648039E-03
+9.9824000E-03,+780.4410554E-03
+9.9825000E-03,+796.1635004E-03
+9.9826000E-03,+793.3784644E-03
+9.9827000E-03,+782.6960095E-03
+9.9828000E-03,+793.9234108E-03
+9.9829000E-03,+801.6047680E-03
+9.9830000E-03,+799.8532134E-03
+9.9831000E-03,+797.3987208E-03
+9.9832000E-03,+808.8121839E-03
+9.9833000E-03,+800.2110143E-03
+9.9834000E-03,+805.2373756E-03
+9.9835000E-03,+810.2764009E-03
+9.9836000E-03,+820.1551838E-03
+9.9837000E-03,+808.8121839E-03
+9.9838000E-03,+818.7048665E-03
+9.9839000E-03,+825.2810434E-03
+9.9840000E-03,+815.3883608E-03
+9.9841000E-03,+827.9780093E-03
+9.9842000E-03,+826.6713609E-03
+9.9843000E-03,+821.3749978E-03
+9.9844000E-03,+824.0580640E-03
+9.9845000E-03,+826.8589293E-03
+9.9846000E-03,+831.3554797E-03
+9.9847000E-03,+830.1754350E-03
+9.9848000E-03,+828.9126862E-03
+9.9849000E-03,+839.6920159E-03
+9.9850000E-03,+846.6762241E-03
+9.9851000E-03,+835.7281710E-03
+9.9852000E-03,+847.4931019E-03
+9.9853000E-03,+851.1486847E-03
+9.9854000E-03,+839.2961043E-03
+9.9855000E-03,+847.5938360E-03
+9.9856000E-03,+848.5792875E-03
+9.9857000E-03,+850.7537380E-03
+9.9858000E-03,+855.2322584E-03
+9.9859000E-03,+844.4867879E-03
+9.9860000E-03,+843.1601800E-03
+9.9861000E-03,+849.1667765E-03
+9.9862000E-03,+849.7492917E-03
+9.9863000E-03,+849.4829996E-03
+9.9864000E-03,+858.5048645E-03
+9.9865000E-03,+866.4544435E-03
+9.9866000E-03,+867.0260747E-03
+9.9867000E-03,+854.5180444E-03
+9.9868000E-03,+863.9987152E-03
+9.9869000E-03,+856.7184858E-03
+9.9870000E-03,+869.1136908E-03
+9.9871000E-03,+848.4208753E-03
+9.9872000E-03,+865.3063284E-03
+9.9873000E-03,+867.4499353E-03
+9.9874000E-03,+864.7038536E-03
+9.9875000E-03,+871.5813891E-03
+9.9876000E-03,+872.3404676E-03
+9.9877000E-03,+867.5955339E-03
+9.9878000E-03,+868.3518390E-03
+9.9879000E-03,+882.2899847E-03
+9.9880000E-03,+868.2438379E-03
+9.9881000E-03,+879.3095404E-03
+9.9882000E-03,+883.1635757E-03
+9.9883000E-03,+875.2138755E-03
+9.9884000E-03,+873.3549542E-03
+9.9885000E-03,+878.7519301E-03
+9.9886000E-03,+876.0837284E-03
+9.9887000E-03,+877.3903769E-03
+9.9888000E-03,+886.8572692E-03
+9.9889000E-03,+889.2141931E-03
+9.9890000E-03,+884.4162842E-03
+9.9891000E-03,+881.6765047E-03
+9.9892000E-03,+879.3820830E-03
+9.9893000E-03,+889.2141931E-03
+9.9894000E-03,+876.6513792E-03
+9.9895000E-03,+886.0165726E-03
+9.9896000E-03,+898.4695769E-03
+9.9897000E-03,+880.4066100E-03
+9.9898000E-03,+884.2258212E-03
+9.9899000E-03,+882.5721062E-03
+9.9900000E-03,+886.8391181E-03
+9.9901000E-03,+899.6205864E-03
+9.9902000E-03,+896.2319897E-03
+9.9903000E-03,+894.4317113E-03
+9.9904000E-03,+888.5362812E-03
+9.9905000E-03,+890.8597974E-03
+9.9906000E-03,+873.0918869E-03
+9.9907000E-03,+873.1587023E-03
+9.9908000E-03,+891.6098004E-03
+9.9909000E-03,+897.4173718E-03
+9.9910000E-03,+899.6745264E-03
+9.9911000E-03,+897.3166377E-03
+9.9912000E-03,+897.5333624E-03
+9.9913000E-03,+889.6782152E-03
+9.9914000E-03,+884.7457130E-03
+9.9915000E-03,+891.3634678E-03
+9.9916000E-03,+881.6765047E-03
+9.9917000E-03,+903.5395669E-03
+9.9918000E-03,+902.5494125E-03
+9.9919000E-03,+899.1565643E-03
+9.9920000E-03,+877.3402962E-03
+9.9921000E-03,+894.3614904E-03
+9.9922000E-03,+896.7447356E-03
+9.9923000E-03,+887.5127191E-03
+9.9924000E-03,+897.2006470E-03
+9.9925000E-03,+891.7267559E-03
+9.9926000E-03,+879.8742967E-03
+9.9927000E-03,+899.2644442E-03
+9.9928000E-03,+898.4939685E-03
+9.9929000E-03,+898.0452029E-03
+9.9930000E-03,+882.7755040E-03
+9.9931000E-03,+894.0917905E-03
+9.9932000E-03,+892.4900858E-03
+9.9933000E-03,+895.3259557E-03
+9.9934000E-03,+889.0852081E-03
+9.9935000E-03,+884.8331201E-03
+9.9936000E-03,+891.8151278E-03
+9.9937000E-03,+878.3892147E-03
+9.9938000E-03,+889.9827392E-03
+9.9939000E-03,+894.7949993E-03
+9.9940000E-03,+896.1546229E-03
+9.9941000E-03,+898.9382426E-03
+9.9942000E-03,+896.4922219E-03
+9.9943000E-03,+885.9340490E-03
+9.9944000E-03,+889.2671682E-03
+9.9945000E-03,+887.1565769E-03
+9.9946000E-03,+889.3305759E-03
+9.9947000E-03,+901.7926558E-03
+9.9948000E-03,+898.4978278E-03
+9.9949000E-03,+896.3021511E-03
+9.9950000E-03,+889.2619520E-03
+9.9951000E-03,+885.6389927E-03
+9.9952000E-03,+896.7518815E-03
+9.9953000E-03,+895.2012222E-03
+9.9954000E-03,+895.1099558E-03
+9.9955000E-03,+896.7518815E-03
+9.9956000E-03,+888.9172071E-03
+9.9957000E-03,+882.6904186E-03
+9.9958000E-03,+889.7604061E-03
+9.9959000E-03,+889.8738944E-03
+9.9960000E-03,+897.5643272E-03
+9.9961000E-03,+884.1890675E-03
+9.9962000E-03,+888.2172849E-03
+9.9963000E-03,+883.7308343E-03
+9.9964000E-03,+881.3828054E-03
+9.9965000E-03,+878.2072546E-03
+9.9966000E-03,+877.1910190E-03
+9.9967000E-03,+894.7528488E-03
+9.9968000E-03,+885.5889120E-03
+9.9969000E-03,+879.2679626E-03
+9.9970000E-03,+874.3501443E-03
+9.9971000E-03,+874.0835194E-03
+9.9972000E-03,+876.6546657E-03
+9.9973000E-03,+888.4069636E-03
+9.9974000E-03,+870.4657764E-03
+9.9975000E-03,+889.0680219E-03
+9.9976000E-03,+878.1041988E-03
+9.9977000E-03,+880.1660664E-03
+9.9978000E-03,+874.1707151E-03
+9.9979000E-03,+873.7911770E-03
+9.9980000E-03,+881.4319212E-03
+9.9981000E-03,+881.0786735E-03
+9.9982000E-03,+871.3737399E-03
+9.9983000E-03,+869.1136908E-03
+9.9984000E-03,+871.8834108E-03
+9.9985000E-03,+864.3341136E-03
+9.9986000E-03,+874.8870702E-03
+9.9987000E-03,+868.6133070E-03
+9.9988000E-03,+862.0313412E-03
+9.9989000E-03,+873.3288730E-03
+9.9990000E-03,+869.7148086E-03
+9.9991000E-03,+871.9698221E-03
+9.9992000E-03,+862.8279267E-03
+9.9993000E-03,+862.9797062E-03
+9.9994000E-03,+869.1136908E-03
+9.9995000E-03,+883.0774947E-03
+9.9996000E-03,+859.1682445E-03
+9.9997000E-03,+854.0301725E-03
+9.9998000E-03,+865.6991649E-03
+9.9999000E-03,+863.8911679E-03
+10.0000000E-03,+844.3358829E-03
+10.0001000E-03,+850.4223200E-03
+10.0002000E-03,+861.3262027E-03
+10.0003000E-03,+854.0383141E-03
+10.0004000E-03,+862.1798341E-03
+10.0005000E-03,+851.8287377E-03
+10.0006000E-03,+851.2249060E-03
+10.0007000E-03,+854.5414117E-03
+10.0008000E-03,+844.0895812E-03
+10.0009000E-03,+845.6974670E-03
+10.0010000E-03,+865.9483920E-03
+10.0011000E-03,+853.5850856E-03
+10.0012000E-03,+860.8225323E-03
+10.0013000E-03,+862.8820472E-03
+10.0014000E-03,+848.9631387E-03
+10.0015000E-03,+851.4253784E-03
+10.0016000E-03,+840.5205619E-03
+10.0017000E-03,+840.7216379E-03
+10.0018000E-03,+841.8273909E-03
+10.0019000E-03,+831.7758137E-03
+10.0020000E-03,+849.4652406E-03
+10.0021000E-03,+839.9159769E-03
+10.0022000E-03,+851.5257513E-03
+10.0023000E-03,+839.8175336E-03
+10.0024000E-03,+835.5451249E-03
+10.0025000E-03,+851.4244445E-03
+10.0026000E-03,+837.1530107E-03
+10.0027000E-03,+838.9629373E-03
+10.0028000E-03,+838.0097172E-03
+10.0029000E-03,+839.5648394E-03
+10.0030000E-03,+822.7359475E-03
+10.0031000E-03,+833.4836494E-03
+10.0032000E-03,+832.1770010E-03
+10.0033000E-03,+833.9378118E-03
+10.0034000E-03,+832.4797759E-03
+10.0035000E-03,+829.5683167E-03
+10.0036000E-03,+837.5509422E-03
+10.0037000E-03,+833.4335687E-03
+10.0038000E-03,+828.4631364E-03
+10.0039000E-03,+836.7556519E-03
+10.0040000E-03,+824.7486992E-03
+10.0041000E-03,+821.7729294E-03
+10.0042000E-03,+831.6733306E-03
+10.0043000E-03,+825.6944122E-03
+10.0044000E-03,+821.6696929E-03
+10.0045000E-03,+828.0105116E-03
+10.0046000E-03,+832.2316943E-03
+10.0047000E-03,+817.6049025E-03
+10.0048000E-03,+818.0609945E-03
+10.0049000E-03,+821.8285875E-03
+10.0050000E-03,+828.4997404E-03
+10.0051000E-03,+822.5462378E-03
+10.0052000E-03,+817.5989329E-03
+10.0053000E-03,+815.7379607E-03
+10.0054000E-03,+813.1246639E-03
+10.0055000E-03,+814.6869010E-03
+10.0056000E-03,+814.4467186E-03
+10.0057000E-03,+814.3365478E-03
+10.0058000E-03,+811.7887380E-03
+10.0059000E-03,+808.8121839E-03
+10.0060000E-03,+810.2677174E-03
+10.0061000E-03,+804.9895055E-03
+10.0062000E-03,+798.7619328E-03
+10.0063000E-03,+799.2085880E-03
+10.0064000E-03,+796.8002265E-03
+10.0065000E-03,+801.3594312E-03
+10.0066000E-03,+788.7116816E-03
+10.0067000E-03,+804.5428502E-03
+10.0068000E-03,+800.1772145E-03
+10.0069000E-03,+803.6907563E-03
+10.0070000E-03,+799.9241281E-03
+10.0071000E-03,+792.8847133E-03
+10.0072000E-03,+793.7323752E-03
+10.0073000E-03,+789.5111925E-03
+10.0074000E-03,+806.0848569E-03
+10.0075000E-03,+791.0664953E-03
+10.0076000E-03,+789.7598468E-03
+10.0077000E-03,+792.7269641E-03
+10.0078000E-03,+790.0709131E-03
+10.0079000E-03,+794.9328927E-03
+10.0080000E-03,+784.5332531E-03
+10.0081000E-03,+788.5583645E-03
+10.0082000E-03,+779.9047021E-03
+10.0083000E-03,+792.4355556E-03
+10.0084000E-03,+788.3043133E-03
+10.0085000E-03,+785.1411247E-03
+10.0086000E-03,+783.1420612E-03
+10.0087000E-03,+788.9377837E-03
+10.0088000E-03,+779.4010318E-03
+10.0089000E-03,+791.5372403E-03
+10.0090000E-03,+779.2702669E-03
+10.0091000E-03,+779.0516434E-03
+10.0092000E-03,+774.8776469E-03
+10.0093000E-03,+787.6473258E-03
+10.0094000E-03,+791.1298720E-03
+10.0095000E-03,+776.5980253E-03
+10.0096000E-03,+787.0502479E-03
+10.0097000E-03,+782.4334555E-03
+10.0098000E-03,+767.7536885E-03
+10.0099000E-03,+778.6614305E-03
+10.0100000E-03,+768.3969878E-03
+10.0101000E-03,+762.1187617E-03
+10.0102000E-03,+784.9597064E-03
+10.0103000E-03,+769.3478862E-03
+10.0104000E-03,+780.5778802E-03
+10.0105000E-03,+776.7051211E-03
+10.0106000E-03,+773.6363049E-03
+10.0107000E-03,+776.6799144E-03
+10.0108000E-03,+774.1998848E-03
+10.0109000E-03,+757.2762592E-03
+10.0110000E-03,+764.6450127E-03
+10.0111000E-03,+772.7485433E-03
+10.0112000E-03,+751.8258852E-03
+10.0113000E-03,+775.7080013E-03
+10.0114000E-03,+754.4015847E-03
+10.0115000E-03,+751.6340059E-03
+10.0116000E-03,+746.3844678E-03
+10.0117000E-03,+760.5946946E-03
+10.0118000E-03,+758.5609282E-03
+10.0119000E-03,+751.0232398E-03
+10.0120000E-03,+758.1127353E-03
+10.0121000E-03,+751.0232398E-03
+10.0122000E-03,+749.7628127E-03
+10.0123000E-03,+760.9478829E-03
+10.0124000E-03,+752.1663501E-03
+10.0125000E-03,+748.8377532E-03
+10.0126000E-03,+747.8157595E-03
+10.0127000E-03,+751.9935559E-03
+10.0128000E-03,+743.0660325E-03
+10.0129000E-03,+754.3591632E-03
+10.0130000E-03,+747.1125507E-03
+10.0131000E-03,+752.7595687E-03
+10.0132000E-03,+749.4975757E-03
+10.0133000E-03,+739.7578181E-03
+10.0134000E-03,+743.3025362E-03
+10.0135000E-03,+745.3309058E-03
+10.0136000E-03,+742.9468455E-03
+10.0137000E-03,+748.5106770E-03
+10.0138000E-03,+748.5106770E-03
+10.0139000E-03,+740.9729886E-03
+10.0140000E-03,+732.4853668E-03
+10.0141000E-03,+745.0287036E-03
+10.0142000E-03,+740.2143023E-03
+10.0143000E-03,+740.9729886E-03
+10.0144000E-03,+748.4201639E-03
+10.0145000E-03,+749.6815558E-03
+10.0146000E-03,+736.7970625E-03
+10.0147000E-03,+737.1888130E-03
+10.0148000E-03,+737.6010054E-03
+10.0149000E-03,+734.3501982E-03
+10.0150000E-03,+733.3798228E-03
+10.0151000E-03,+742.4460697E-03
+10.0152000E-03,+743.0042527E-03
+10.0153000E-03,+739.6108627E-03
+10.0154000E-03,+720.6481333E-03
+10.0155000E-03,+732.8771172E-03
+10.0156000E-03,+709.0907304E-03
+10.0157000E-03,+727.1813754E-03
+10.0158000E-03,+730.1966437E-03
+10.0159000E-03,+719.6330146E-03
+10.0160000E-03,+719.0300265E-03
+10.0161000E-03,+730.9227375E-03
+10.0162000E-03,+736.9187519E-03
+10.0163000E-03,+728.9902779E-03
+10.0164000E-03,+734.0844479E-03
+10.0165000E-03,+710.2076098E-03
+10.0166000E-03,+724.3573543E-03
+10.0167000E-03,+717.6002724E-03
+10.0168000E-03,+711.1711103E-03
+10.0169000E-03,+720.7839029E-03
+10.0170000E-03,+732.9890371E-03
+10.0171000E-03,+720.1206750E-03
+10.0172000E-03,+725.8976119E-03
+10.0173000E-03,+714.9183825E-03
+10.0174000E-03,+708.7680862E-03
+10.0175000E-03,+723.2721644E-03
+10.0176000E-03,+726.2431410E-03
+10.0177000E-03,+727.1852347E-03
+10.0178000E-03,+715.4201232E-03
+10.0179000E-03,+722.0531346E-03
+10.0180000E-03,+711.1054118E-03
+10.0181000E-03,+718.0455707E-03
+10.0182000E-03,+710.5128277E-03
+10.0183000E-03,+715.8473608E-03
+10.0184000E-03,+713.9684490E-03
+10.0185000E-03,+710.4333792E-03
+10.0186000E-03,+714.6545619E-03
+10.0187000E-03,+713.5927085E-03
+10.0188000E-03,+722.2325615E-03
+10.0189000E-03,+706.5607413E-03
+10.0190000E-03,+713.3347980E-03
+10.0191000E-03,+707.3344728E-03
+10.0192000E-03,+705.5663949E-03
+10.0193000E-03,+716.2080562E-03
+10.0194000E-03,+706.0137441E-03
+10.0195000E-03,+709.2002691E-03
+10.0196000E-03,+702.4665236E-03
+10.0197000E-03,+712.1137173E-03
+10.0198000E-03,+708.3096724E-03
+10.0199000E-03,+706.7158669E-03
+10.0200000E-03,+705.5100737E-03
+10.0201000E-03,+701.8056769E-03
+10.0202000E-03,+707.2901811E-03
+10.0203000E-03,+708.3096724E-03
+10.0204000E-03,+701.3603785E-03
+10.0205000E-03,+706.3572223E-03
+10.0206000E-03,+708.7840962E-03
+10.0207000E-03,+708.0658422E-03
+10.0208000E-03,+710.1764335E-03
+10.0209000E-03,+699.0934544E-03
+10.0210000E-03,+695.3599321E-03
+10.0211000E-03,+699.3194662E-03
+10.0212000E-03,+712.8170474E-03
+10.0213000E-03,+686.6982803E-03
+10.0214000E-03,+701.1042765E-03
+10.0215000E-03,+702.0475774E-03
+10.0216000E-03,+703.0990886E-03
+10.0217000E-03,+693.0064754E-03
+10.0218000E-03,+697.9045148E-03
+10.0219000E-03,+698.3441454E-03
+10.0220000E-03,+695.9002968E-03
+10.0221000E-03,+692.3879907E-03
+10.0222000E-03,+694.4505522E-03
+10.0223000E-03,+696.6835553E-03
+10.0224000E-03,+688.4586681E-03
+10.0225000E-03,+700.6552400E-03
+10.0226000E-03,+695.2958924E-03
+10.0227000E-03,+695.4710084E-03
+10.0228000E-03,+702.1370045E-03
+10.0229000E-03,+697.6729564E-03
+10.0230000E-03,+702.4552166E-03
+10.0231000E-03,+697.7821030E-03
+10.0232000E-03,+700.7719841E-03
+10.0233000E-03,+707.6648356E-03
+10.0234000E-03,+698.2594213E-03
+10.0235000E-03,+690.1341535E-03
+10.0236000E-03,+700.1101725E-03
+10.0237000E-03,+693.4941358E-03
+10.0238000E-03,+688.4934327E-03
+10.0239000E-03,+706.6773641E-03
+10.0240000E-03,+695.4211986E-03
+10.0241000E-03,+696.9113756E-03
+10.0242000E-03,+691.2593528E-03
+10.0243000E-03,+699.3296872E-03
+10.0244000E-03,+690.6803357E-03
+10.0245000E-03,+694.4167524E-03
+10.0246000E-03,+683.1840445E-03
+10.0247000E-03,+694.4098489E-03
+10.0248000E-03,+686.5598871E-03
+10.0249000E-03,+695.0795288E-03
+10.0250000E-03,+698.4967686E-03
+10.0251000E-03,+701.7998879E-03
+10.0252000E-03,+690.1642438E-03
+10.0253000E-03,+690.0635097E-03
+10.0254000E-03,+691.8908032E-03
+10.0255000E-03,+698.5238146E-03
+10.0256000E-03,+688.3692410E-03
+10.0257000E-03,+700.0462824E-03
+10.0258000E-03,+689.4339889E-03
+10.0259000E-03,+691.7675764E-03
+10.0260000E-03,+692.5526148E-03
+10.0261000E-03,+697.4581019E-03
+10.0262000E-03,+687.7830471E-03
+10.0263000E-03,+678.8647514E-03
+10.0264000E-03,+702.8782931E-03
+10.0265000E-03,+689.4538581E-03
+10.0266000E-03,+689.5562510E-03
+10.0267000E-03,+688.7506493E-03
+10.0268000E-03,+707.5865943E-03
+10.0269000E-03,+690.7621653E-03
+10.0270000E-03,+689.3945213E-03
+10.0271000E-03,+700.7102946E-03
+10.0272000E-03,+683.1045676E-03
+10.0273000E-03,+693.0739539E-03
+10.0274000E-03,+690.2594598E-03
+10.0275000E-03,+693.2342957E-03
+10.0276000E-03,+692.0884121E-03
+10.0277000E-03,+692.2090154E-03
+10.0278000E-03,+696.4108706E-03
+10.0279000E-03,+696.7118371E-03
+10.0280000E-03,+694.6208441E-03
+10.0281000E-03,+687.8870987E-03
+10.0282000E-03,+698.5003570E-03
+10.0283000E-03,+675.5872903E-03
+10.0284000E-03,+688.6077053E-03
+10.0285000E-03,+687.5245948E-03
+10.0286000E-03,+690.2003939E-03
+10.0287000E-03,+697.0557075E-03
+10.0288000E-03,+682.9036412E-03
+10.0289000E-03,+685.3527370E-03
+10.0290000E-03,+688.5290410E-03
+10.0291000E-03,+697.4523130E-03
+10.0292000E-03,+688.6474438E-03
+10.0293000E-03,+689.2717174E-03
+10.0294000E-03,+680.8293521E-03
+10.0295000E-03,+679.9246751E-03
+10.0296000E-03,+689.8783224E-03
+10.0297000E-03,+700.7937830E-03
+10.0298000E-03,+699.9898400E-03
+10.0299000E-03,+681.1347197E-03
+10.0300000E-03,+688.2091701E-03
+10.0301000E-03,+687.7408371E-03
+10.0302000E-03,+687.4664937E-03
+10.0303000E-03,+695.5235914E-03
+10.0304000E-03,+696.7128019E-03
+10.0305000E-03,+699.5934175E-03
+10.0306000E-03,+697.4494185E-03
+10.0307000E-03,+683.4240154E-03
+10.0308000E-03,+697.6726855E-03
+10.0309000E-03,+698.2594213E-03
+10.0310000E-03,+689.6550554E-03
+10.0311000E-03,+689.0201377E-03
+10.0312000E-03,+683.9722484E-03
+10.0313000E-03,+693.3735325E-03
+10.0314000E-03,+694.4709633E-03
+10.0315000E-03,+689.4693263E-03
+10.0316000E-03,+689.3765817E-03
+10.0317000E-03,+697.0614964E-03
+10.0318000E-03,+691.4169522E-03
+10.0319000E-03,+700.8104868E-03
+10.0320000E-03,+699.0100872E-03
+10.0321000E-03,+685.6818331E-03
+10.0322000E-03,+684.5233759E-03
+10.0323000E-03,+681.5376560E-03
+10.0324000E-03,+695.5553095E-03
+10.0325000E-03,+690.8461955E-03
+10.0326000E-03,+694.9329964E-03
+10.0327000E-03,+685.8634629E-03
+10.0328000E-03,+696.4401481E-03
+10.0329000E-03,+700.5744061E-03
+10.0330000E-03,+695.9996739E-03
+10.0331000E-03,+697.7705251E-03
+10.0332000E-03,+690.7217329E-03
+10.0333000E-03,+684.4146523E-03
+10.0334000E-03,+693.4239150E-03
+10.0335000E-03,+691.4762891E-03
+10.0336000E-03,+704.9813179E-03
+10.0337000E-03,+698.7868202E-03
+10.0338000E-03,+700.9102561E-03
+10.0339000E-03,+692.3424633E-03
+10.0340000E-03,+699.2016362E-03
+10.0341000E-03,+702.4677903E-03
+10.0342000E-03,+699.7922312E-03
+10.0343000E-03,+692.5054287E-03
+10.0344000E-03,+703.2094710E-03
+10.0345000E-03,+689.9672077E-03
+10.0346000E-03,+695.7468585E-03
+10.0347000E-03,+703.3102050E-03
+10.0348000E-03,+698.4371300E-03
+10.0349000E-03,+689.6046729E-03
+10.0350000E-03,+698.2594213E-03
+10.0351000E-03,+698.9369719E-03
+10.0352000E-03,+701.5127308E-03
+10.0353000E-03,+703.2845468E-03
+10.0354000E-03,+697.2915482E-03
+10.0355000E-03,+701.3378857E-03
+10.0356000E-03,+701.9731052E-03
+10.0357000E-03,+697.7833388E-03
+10.0358000E-03,+694.5143211E-03
+10.0359000E-03,+708.7382669E-03
+10.0360000E-03,+706.8657168E-03
+10.0361000E-03,+701.2846396E-03
+10.0362000E-03,+697.9947570E-03
+10.0363000E-03,+707.4858294E-03
+10.0364000E-03,+697.5485247E-03
+10.0365000E-03,+697.9482338E-03
+10.0366000E-03,+703.6323074E-03
+10.0367000E-03,+712.9883350E-03
+10.0368000E-03,+688.5745685E-03
+10.0369000E-03,+703.3576931E-03
+10.0370000E-03,+694.6686339E-03
+10.0371000E-03,+705.7971096E-03
+10.0372000E-03,+702.0144715E-03
+10.0373000E-03,+705.8888585E-03
+10.0374000E-03,+694.9169247E-03
+10.0375000E-03,+701.0927889E-03
+10.0376000E-03,+706.9584305E-03
+10.0377000E-03,+700.0322021E-03
+10.0378000E-03,+704.1972442E-03
+10.0379000E-03,+703.6784979E-03
+10.0380000E-03,+704.4182798E-03
+10.0381000E-03,+697.5998411E-03
+10.0382000E-03,+694.6567542E-03
+10.0383000E-03,+715.2083129E-03
+10.0384000E-03,+704.7560903E-03
+10.0385000E-03,+701.4681373E-03
+10.0386000E-03,+701.5974241E-03
+10.0387000E-03,+702.6313878E-03
+10.0388000E-03,+706.3424790E-03
+10.0389000E-03,+709.7456076E-03
+10.0390000E-03,+711.7625205E-03
+10.0391000E-03,+702.1142408E-03
+10.0392000E-03,+708.8704481E-03
+10.0393000E-03,+707.5769461E-03
+10.0394000E-03,+705.8683262E-03
+10.0395000E-03,+709.6224116E-03
+10.0396000E-03,+711.6556956E-03
+10.0397000E-03,+708.3096724E-03
+10.0398000E-03,+711.5966606E-03
+10.0399000E-03,+708.3096724E-03
+10.0400000E-03,+703.4147984E-03
+10.0401000E-03,+706.9622898E-03
+10.0402000E-03,+712.1532752E-03
+10.0403000E-03,+703.2845468E-03
+10.0404000E-03,+704.6511951E-03
+10.0405000E-03,+710.5809977E-03
+10.0406000E-03,+708.8072520E-03
+10.0407000E-03,+712.8625748E-03
+10.0408000E-03,+707.0335063E-03
+10.0409000E-03,+709.3497269E-03
+10.0410000E-03,+710.4946766E-03
+10.0411000E-03,+717.5296594E-03
+10.0412000E-03,+708.0430785E-03
+10.0413000E-03,+708.3096724E-03
+10.0414000E-03,+716.2105277E-03
+10.0415000E-03,+707.9811490E-03
+10.0416000E-03,+711.9935061E-03
+10.0417000E-03,+714.1040974E-03
+10.0418000E-03,+715.4800328E-03
+10.0419000E-03,+705.7971096E-03
+10.0420000E-03,+702.0818288E-03
+10.0421000E-03,+715.0087744E-03
+10.0422000E-03,+714.7640388E-03
+10.0423000E-03,+714.9773273E-03
+10.0424000E-03,+707.8416103E-03
+10.0425000E-03,+710.8222352E-03
+10.0426000E-03,+716.1832416E-03
+10.0427000E-03,+702.9855409E-03
+10.0428000E-03,+715.3815302E-03
+10.0429000E-03,+717.3891560E-03
+10.0430000E-03,+708.3096724E-03
+10.0431000E-03,+720.8724864E-03
+10.0432000E-03,+709.0151127E-03
+10.0433000E-03,+707.7084643E-03
+10.0434000E-03,+708.7440559E-03
+10.0435000E-03,+711.8937369E-03
+10.0436000E-03,+722.7155189E-03
+10.0437000E-03,+715.5798020E-03
+10.0438000E-03,+720.8724864E-03
+10.0439000E-03,+711.7256455E-03
+10.0440000E-03,+710.1863836E-03
+10.0441000E-03,+708.1415811E-03
+10.0442000E-03,+707.3376382E-03
+10.0443000E-03,+710.1511366E-03
+10.0444000E-03,+705.9655028E-03
+10.0445000E-03,+713.7704481E-03
+10.0446000E-03,+715.0106447E-03
+10.0447000E-03,+718.2264163E-03
+10.0448000E-03,+720.8724864E-03
+10.0449000E-03,+722.4469953E-03
+10.0450000E-03,+720.6713200E-03
+10.0451000E-03,+719.1979063E-03
+10.0452000E-03,+710.5203348E-03
+10.0453000E-03,+714.0039670E-03
+10.0454000E-03,+715.8473608E-03
+10.0455000E-03,+716.9868827E-03
+10.0456000E-03,+712.6636399E-03
+10.0457000E-03,+712.2273268E-03
+10.0458000E-03,+722.7488957E-03
+10.0459000E-03,+720.2706746E-03
+10.0460000E-03,+729.1454343E-03
+10.0461000E-03,+721.2041467E-03
+10.0462000E-03,+714.6774159E-03
+10.0463000E-03,+719.2940586E-03
+10.0464000E-03,+725.7330781E-03
+10.0465000E-03,+717.1229233E-03
+10.0466000E-03,+715.6811991E-03
+10.0467000E-03,+710.0510061E-03
+10.0468000E-03,+716.2166184E-03
+10.0469000E-03,+728.2793195E-03
+10.0470000E-03,+725.1237901E-03
+10.0471000E-03,+721.7091431E-03
+10.0472000E-03,+725.9329184E-03
+10.0473000E-03,+719.2318867E-03
+10.0474000E-03,+718.1973194E-03
+10.0475000E-03,+720.8044661E-03
+10.0476000E-03,+734.2781072E-03
+10.0477000E-03,+718.3599236E-03
+10.0478000E-03,+726.6079358E-03
+10.0479000E-03,+724.1961070E-03
+10.0480000E-03,+722.2435976E-03
+10.0481000E-03,+742.1355167E-03
+10.0482000E-03,+726.3640462E-03
+10.0483000E-03,+720.9006778E-03
+10.0484000E-03,+734.3117858E-03
+10.0485000E-03,+734.1667006E-03
+10.0486000E-03,+730.2512776E-03
+10.0487000E-03,+705.9794309E-03
+10.0488000E-03,+707.5193892E-03
+10.0489000E-03,+717.2910146E-03
+10.0490000E-03,+719.2963495E-03
+10.0491000E-03,+730.0770361E-03
+10.0492000E-03,+719.3280985E-03
+10.0493000E-03,+724.1254941E-03
+10.0494000E-03,+718.3281746E-03
+10.0495000E-03,+727.2885330E-03
+10.0496000E-03,+717.5077702E-03
+10.0497000E-03,+715.8845969E-03
+10.0498000E-03,+738.2479834E-03
+10.0499000E-03,+725.4266554E-03
+10.0500000E-03,+728.1342343E-03
+10.0501000E-03,+715.3327161E-03
+10.0502000E-03,+727.8633272E-03
+10.0503000E-03,+723.8058656E-03
+10.0504000E-03,+719.7420091E-03
+10.0505000E-03,+718.1341233E-03
+10.0506000E-03,+731.2621758E-03
+10.0507000E-03,+728.8746793E-03
+10.0508000E-03,+735.3136393E-03
+10.0509000E-03,+727.5298299E-03
+10.0510000E-03,+731.6333631E-03
+10.0511000E-03,+747.3068444E-03
+10.0512000E-03,+732.8943938E-03
+10.0513000E-03,+731.3172921E-03
+10.0514000E-03,+730.5441334E-03
+10.0515000E-03,+724.9081514E-03
+10.0516000E-03,+723.0604444E-03
+10.0517000E-03,+739.8128441E-03
+10.0518000E-03,+731.2939248E-03
+10.0519000E-03,+718.5446284E-03
+10.0520000E-03,+734.2168407E-03
+10.0521000E-03,+723.3766675E-03
+10.0522000E-03,+730.9619033E-03
+10.0523000E-03,+738.4604259E-03
+10.0524000E-03,+732.0195362E-03
+10.0525000E-03,+731.1325873E-03
+10.0526000E-03,+727.4141101E-03
+10.0527000E-03,+723.0744653E-03
+10.0528000E-03,+738.7010598E-03
+10.0529000E-03,+742.0996066E-03
+10.0530000E-03,+739.6989043E-03
+10.0531000E-03,+737.4363219E-03
+10.0532000E-03,+737.5352760E-03
+10.0533000E-03,+731.5559964E-03
+10.0534000E-03,+740.5308866E-03
+10.0535000E-03,+728.0483339E-03
+10.0536000E-03,+733.9276945E-03
+10.0537000E-03,+730.6513194E-03
+10.0538000E-03,+737.9382123E-03
+10.0539000E-03,+742.2704403E-03
+10.0540000E-03,+729.9882412E-03
+10.0541000E-03,+746.1584869E-03
+10.0542000E-03,+741.9373043E-03
+10.0543000E-03,+741.3451408E-03
+10.0544000E-03,+730.9823761E-03
+10.0545000E-03,+740.5411979E-03
+10.0546000E-03,+741.8293031E-03
+10.0547000E-03,+732.2817575E-03
+10.0548000E-03,+734.9609952E-03
+10.0549000E-03,+740.0272162E-03
+10.0550000E-03,+731.1354818E-03
+10.0551000E-03,+736.2789198E-03
+10.0552000E-03,+737.4139194E-03
+10.0553000E-03,+727.5177387E-03
+10.0554000E-03,+739.4360176E-03
+10.0555000E-03,+735.8104062E-03
+10.0556000E-03,+738.6320747E-03
+10.0557000E-03,+745.5374690E-03
+10.0558000E-03,+737.8115182E-03
+10.0559000E-03,+736.9821286E-03
+10.0560000E-03,+742.0493144E-03
+10.0561000E-03,+744.6494055E-03
+10.0562000E-03,+737.3708943E-03
+10.0563000E-03,+748.5106770E-03
+10.0564000E-03,+731.4542975E-03
+10.0565000E-03,+730.6347059E-03
+10.0566000E-03,+738.7773120E-03
+10.0567000E-03,+740.9729886E-03
+10.0568000E-03,+738.8335428E-03
+10.0569000E-03,+730.9227375E-03
+10.0570000E-03,+730.5643044E-03
+10.0571000E-03,+734.2822683E-03
+10.0572000E-03,+734.7991444E-03
+10.0573000E-03,+739.3362483E-03
+10.0574000E-03,+735.3307044E-03
+10.0575000E-03,+741.1167478E-03
+10.0576000E-03,+734.0954840E-03
+10.0577000E-03,+739.1924892E-03
+10.0578000E-03,+737.5708843E-03
+10.0579000E-03,+740.9729886E-03
+10.0580000E-03,+738.2462035E-03
+10.0581000E-03,+747.4749951E-03
+10.0582000E-03,+745.0806830E-03
+10.0583000E-03,+735.9351088E-03
+10.0584000E-03,+734.9145624E-03
+10.0585000E-03,+741.3309702E-03
+10.0586000E-03,+744.1608706E-03
+10.0587000E-03,+740.6996409E-03
+10.0588000E-03,+738.2031784E-03
+10.0589000E-03,+744.7965107E-03
+10.0590000E-03,+743.7706886E-03
+10.0591000E-03,+737.4389146E-03
+10.0592000E-03,+738.0531788E-03
+10.0593000E-03,+740.9729886E-03
+10.0594000E-03,+743.5134411E-03
+10.0595000E-03,+746.7912325E-03
+10.0596000E-03,+741.7877562E-03
+10.0597000E-03,+737.1367124E-03
+10.0598000E-03,+737.0602487E-03
+10.0599000E-03,+727.7968754E-03
+10.0600000E-03,+740.9001442E-03
+10.0601000E-03,+742.8272973E-03
+10.0602000E-03,+743.8048187E-03
+10.0603000E-03,+736.6871317E-03
+10.0604000E-03,+736.3678644E-03
+10.0605000E-03,+738.4604259E-03
+10.0606000E-03,+740.2786748E-03
+10.0607000E-03,+741.8868006E-03
+10.0608000E-03,+732.8227257E-03
+10.0609000E-03,+744.9657783E-03
+10.0610000E-03,+744.5638069E-03
+10.0611000E-03,+739.1367099E-03
+10.0612000E-03,+741.5216137E-03
+10.0613000E-03,+745.4874786E-03
+10.0614000E-03,+739.5196866E-03
+10.0615000E-03,+742.2717070E-03
+10.0616000E-03,+747.0225200E-03
+10.0617000E-03,+740.9729886E-03
+10.0618000E-03,+739.5855657E-03
+10.0619000E-03,+746.0250391E-03
+10.0620000E-03,+743.8536328E-03
+10.0621000E-03,+737.5896390E-03
+10.0622000E-03,+748.5106770E-03
+10.0623000E-03,+720.2361215E-03
+10.0624000E-03,+747.4254563E-03
+10.0625000E-03,+743.5593607E-03
+10.0626000E-03,+741.8447403E-03
+10.0627000E-03,+742.0252841E-03
+10.0628000E-03,+743.2371989E-03
+10.0629000E-03,+741.5285790E-03
+10.0630000E-03,+742.9090367E-03
+10.0631000E-03,+735.9478631E-03
+10.0632000E-03,+748.7381052E-03
+10.0633000E-03,+737.8310263E-03
+10.0634000E-03,+741.4228093E-03
+10.0635000E-03,+751.7314843E-03
+10.0636000E-03,+745.8016817E-03
+10.0637000E-03,+738.1851485E-03
+10.0638000E-03,+738.2070377E-03
+10.0639000E-03,+741.6324191E-03
+10.0640000E-03,+741.9036256E-03
+10.0641000E-03,+739.3350720E-03
+10.0642000E-03,+743.4855514E-03
+10.0643000E-03,+737.9648971E-03
+10.0644000E-03,+731.0784976E-03
+10.0645000E-03,+741.4009201E-03
+10.0646000E-03,+739.3131828E-03
+10.0647000E-03,+738.4604259E-03
+10.0648000E-03,+745.8745261E-03
+10.0649000E-03,+741.4497342E-03
+10.0650000E-03,+747.9124846E-03
+10.0651000E-03,+740.3185939E-03
+10.0652000E-03,+737.7312570E-03
+10.0653000E-03,+739.5915662E-03
+10.0654000E-03,+738.0346356E-03
+10.0655000E-03,+742.7054274E-03
+10.0656000E-03,+743.4855514E-03
+10.0657000E-03,+746.6989704E-03
+10.0658000E-03,+739.7161191E-03
+10.0659000E-03,+746.9016149E-03
+10.0660000E-03,+737.0280482E-03
+10.0661000E-03,+738.4604259E-03
+10.0662000E-03,+743.4855514E-03
+10.0663000E-03,+746.5010312E-03
+10.0664000E-03,+740.0435280E-03
+10.0665000E-03,+741.6262071E-03
+10.0666000E-03,+743.7870003E-03
+10.0667000E-03,+741.4004971E-03
+10.0668000E-03,+749.8923110E-03
+10.0669000E-03,+733.5602762E-03
+10.0670000E-03,+746.4250809E-03
+10.0671000E-03,+740.9472401E-03
+10.0672000E-03,+736.1000942E-03
+10.0673000E-03,+736.7010623E-03
+10.0674000E-03,+739.8935569E-03
+10.0675000E-03,+733.8897336E-03
+10.0676000E-03,+747.2057467E-03
+10.0677000E-03,+733.1073496E-03
+10.0678000E-03,+734.3132639E-03
+10.0679000E-03,+739.9925728E-03
+10.0680000E-03,+740.5933294E-03
+10.0681000E-03,+738.6368988E-03
+10.0682000E-03,+726.3486089E-03
+10.0683000E-03,+742.2306115E-03
+10.0684000E-03,+741.4266686E-03
+10.0685000E-03,+734.8970743E-03
+10.0686000E-03,+739.1396043E-03
+10.0687000E-03,+743.5032510E-03
+10.0688000E-03,+743.4855514E-03
+10.0689000E-03,+726.1398452E-03
+10.0690000E-03,+738.4604259E-03
+10.0691000E-03,+730.4848275E-03
+10.0692000E-03,+749.2905896E-03
+10.0693000E-03,+743.8634925E-03
+10.0694000E-03,+735.9718934E-03
+10.0695000E-03,+733.8613021E-03
+10.0696000E-03,+744.3421677E-03
+10.0697000E-03,+732.2053556E-03
+10.0698000E-03,+739.4704495E-03
+10.0699000E-03,+744.5620887E-03
+10.0700000E-03,+733.5120040E-03
+10.0701000E-03,+733.1996117E-03
+10.0702000E-03,+738.7912711E-03
+10.0703000E-03,+750.7690983E-03
+10.0704000E-03,+742.0725915E-03
+10.0705000E-03,+739.2347610E-03
+10.0706000E-03,+744.5786120E-03
+10.0707000E-03,+749.6760378E-03
+10.0708000E-03,+748.5106770E-03
+10.0709000E-03,+731.4956045E-03
+10.0710000E-03,+748.1623437E-03
+10.0711000E-03,+744.6378276E-03
+10.0712000E-03,+739.5731133E-03
+10.0713000E-03,
